time,echo,trig
-0.00013468,-0.0045224,-0.00745283
-0.0001332,-0.00451822,-0.0076284
-0.00013172,-0.00402204,-0.00695145
-0.00013024,-0.00401368,-0.0071228
-0.00012876,-0.00485737,-0.00796688
-0.00012728,-0.00384411,-0.00779553
-0.0001258,-0.00452658,-0.00813823
-0.00012432,-0.00434865,-0.00796266
-0.00012284,-0.0045224,-0.00746127
-0.00012136,-0.00468779,-0.00711857
-0.00011988,-0.00502694,-0.00728992
-0.0001184,-0.00468362,-0.00695145
-0.00011692,-0.0045224,-0.00728992
-0.00011544,-0.00434447,-0.00745705
-0.00011396,-0.00486154,-0.00745705
-0.00011248,-0.00451404,-0.00745705
-0.000111,-0.00469197,-0.00796688
-0.00010952,-0.00451404,-0.00796688
-0.00010804,-0.00452658,-0.0076284
-0.00010656,-0.00451822,-0.00711857
-0.00010508,-0.00468779,-0.0071228
-0.0001036,-0.00434447,-0.00745705
-0.00010212,-0.00485737,-0.0071228
-0.00010064,-0.00451822,-0.00745705
-9.916e-05,-0.00485737,-0.00746127
-9.768e-05,-0.00502276,-0.00728992
-9.62e-05,-0.00469197,-0.00695145
-9.472e-05,-0.00402204,-0.00695145
-9.324e-05,-0.00502276,-0.0071228
-9.176e-05,-0.00417908,-0.00813401
-9.028e-05,-0.00468779,-0.00711857
-8.88e-05,-0.00434865,-0.0067801
-8.732e-05,-0.00502276,-0.00746127
-8.584e-05,-0.00418743,-0.0076284
-8.436e-05,-0.00485737,-0.0076284
-8.288e-05,-0.00451822,-0.00746127
-8.14e-05,-0.00469197,-0.00678432
-7.992e-05,-0.00485319,-0.00728992
-7.844e-05,-0.00485737,-0.00711857
-7.696e-05,-0.00434865,-0.0076284
-7.548e-05,-0.00485737,-0.00695145
-7.4e-05,-0.00468362,-0.00728992
-7.252e-05,-0.00435701,-0.00728992
-7.104e-05,-0.00451822,-0.00728992
-6.956e-05,-0.00469197,-0.00746127
-6.808e-05,-0.00434865,-0.00746127
-6.66e-05,-0.00435701,-0.00779553
-6.512e-05,-0.00434865,-0.00745705
-6.364e-05,-0.00469197,-0.00711857
-6.216e-05,-0.00418325,-0.0071228
-6.068e-05,-0.00452658,-0.00695567
-5.92e-05,-0.00451822,-0.00728992
-5.772e-05,-0.00485737,-0.0071228
-5.624e-05,-0.00434865,-0.0072857
-5.476e-05,-0.00469197,-0.00695145
-5.328e-05,-0.00451404,-0.00779975
-5.18e-05,-0.00435701,-0.0071228
-5.032e-05,-0.00401786,-0.00695145
-4.884e-05,-0.00452658,-0.00695145
-4.736e-05,-0.00518815,-0.00779553
-4.588e-05,-0.00485737,-0.00695145
-4.44e-05,-0.00502276,-0.00746127
-4.292e-05,-0.00468779,-0.0076284
-4.144e-05,-0.00418325,-0.0076284
-3.996e-05,-0.0045224,-0.00746127
-3.848e-05,-0.00435283,-0.0076284
-3.7e-05,-0.00452658,-0.00779975
-3.552e-05,-0.00484901,-0.00695145
-3.404e-05,-0.00485737,-0.0076284
-3.256e-05,-0.00451822,-0.00813823
-3.108e-05,-0.0045224,-0.00779975
-2.96e-05,-0.00451822,-0.00779553
-2.812e-05,-0.00469197,-0.00745705
-2.664e-05,-0.00417908,-0.00729415
-2.516e-05,-0.00469197,-0.00779975
-2.368e-05,-0.00468362,-0.00762418
-2.22e-05,-0.00502276,-0.0076284
-2.072e-05,-0.00451404,-0.00796688
-1.924e-05,-0.00468779,-0.00779553
-1.776e-05,-0.00451822,-0.00762418
-1.628e-05,-0.00435701,-0.00728992
-1.48e-05,-0.00468362,-0.00779975
-1.332e-05,-0.0045224,-0.0071228
-1.184e-05,-0.00451822,-0.00711857
-1.036e-05,-0.0045224,-0.00763262
-8.88e-06,-0.00468362,-0.0076284
-7.4e-06,-0.00486154,-0.00728992
-5.92e-06,-0.00418325,-0.0076284
-4.44e-06,-0.00502694,-0.00746127
-2.96e-06,-0.00468362,-0.00779975
-1.48e-06,-0.00502694,-0.00746127
0,-0.00188445,2.49981
1.48e-06,-0.00485737,4.91597
2.96e-06,-0.00468779,4.89453
4.44e-06,-0.00485737,4.8898
5.92e-06,-0.00468779,4.88625
7.4e-06,-0.00485737,4.88472
8.88e-06,-0.0045224,4.88473
1.036e-05,-0.00435701,4.88404
1.184e-05,-0.00773592,3.40428
1.332e-05,-0.00502694,-0.0429296
1.48e-05,-0.00384829,-0.0176072
1.628e-05,-0.00469197,-0.0143895
1.776e-05,-0.00417908,-0.0106705
1.924e-05,-0.00485737,-0.00948792
2.072e-05,-0.00451822,-0.00881096
2.22e-05,-0.00485737,-0.0076284
2.368e-05,-0.00468779,-0.00830536
2.516e-05,-0.00502276,-0.00779975
2.664e-05,-0.00384829,-0.00695145
2.812e-05,-0.00502694,-0.00644584
2.96e-05,-0.00418325,-0.00695145
3.108e-05,-0.0045224,-0.0079711
3.256e-05,-0.00451404,-0.00813401
3.404e-05,-0.00435701,-0.00915366
3.552e-05,-0.00451822,-0.00948792
3.7e-05,-0.0045224,-0.00948792
3.848e-05,-0.00501858,-0.00897809
3.996e-05,-0.0045224,-0.00847671
4.144e-05,-0.00401368,-0.00796688
4.292e-05,-0.00401786,-0.00847248
4.44e-05,-0.00401786,-0.00847248
4.588e-05,-0.0045224,-0.00779553
4.736e-05,-0.00468362,-0.00728992
4.884e-05,-0.00502276,-0.00695145
5.032e-05,-0.00451822,-0.00559754
5.18e-05,-0.00485737,-0.00610736
5.328e-05,-0.00401368,-0.00610314
5.476e-05,-0.0045224,-0.00525906
5.624e-05,-0.00485737,-0.00610314
5.772e-05,-0.0045224,-0.00593601
5.92e-05,-0.00434865,-0.00644584
6.068e-05,-0.00485737,-0.00729415
6.216e-05,-0.00451404,-0.00695145
6.364e-05,-0.0045224,-0.0076284
6.512e-05,-0.00502276,-0.0076284
6.66e-05,-0.00485737,-0.00796688
6.808e-05,-0.00418325,-0.00796688
6.956e-05,-0.00451822,-0.00813401
7.104e-05,-0.00418325,-0.00796688
7.252e-05,-0.00502694,-0.00796688
7.4e-05,-0.00434865,-0.00728992
7.548e-05,-0.00469197,-0.0071228
7.696e-05,-0.00418325,-0.00644162
7.844e-05,-0.00502276,-0.00678432
7.992e-05,-0.00468779,-0.00627449
8.14e-05,-0.00469197,-0.00695145
8.288e-05,-0.00468362,-0.00695145
8.436e-05,-0.0045224,-0.00661297
8.584e-05,-0.00451404,-0.00661297
8.732e-05,-0.00401786,-0.00695145
8.88e-05,-0.00384829,-0.0076284
9.028e-05,-0.00435283,-0.00745705
9.176e-05,-0.00451822,-0.00661297
9.324e-05,-0.0045224,-0.0071228
9.472e-05,-0.00468779,-0.00746127
9.62e-05,-0.00485737,-0.0076284
9.768e-05,-0.00451404,-0.00711857
9.916e-05,-0.00502276,-0.0071228
0.00010064,-0.00435283,-0.00745705
0.00010212,-0.00435283,-0.00711857
0.0001036,-0.00434865,-0.00644584
0.00010508,-0.00468779,-0.00644162
0.00010656,-0.00434865,-0.00644584
0.00010804,-0.00468779,-0.00644162
0.00010952,-0.00451822,-0.00661297
0.000111,-0.00468362,-0.00660875
0.00011248,-0.00451822,-0.00695145
0.00011396,-0.00485737,-0.00678432
0.00011544,-0.00451822,-0.00644584
0.00011692,-0.00468779,-0.00627871
0.0001184,-0.00485319,-0.00711857
0.00011988,-0.00468779,-0.0067801
0.00012136,-0.00451822,-0.00678432
0.00012284,-0.00485319,-0.0067801
0.00012432,-0.00468779,-0.00711857
0.0001258,-0.00434865,-0.00695145
0.00012728,-0.00384829,-0.0067801
0.00012876,-0.00419161,-0.00729415
0.00013024,-0.00451822,-0.0071228
0.00013172,-0.00502694,-0.0067801
0.0001332,-0.00417908,-0.00678432
0.00013468,-0.00434865,-0.00728992
0.00013616,-0.00368289,-0.0067801
0.00013764,-0.00502276,-0.00661297
0.00013912,-0.00418325,-0.00711857
0.0001406,-0.00435283,-0.00678432
0.00014208,-0.00401786,-0.00711857
0.00014356,-0.00435701,-0.00728992
0.00014504,-0.00468779,-0.0071228
0.00014652,-0.00435283,-0.0071228
0.000148,-0.00451822,-0.00644162
0.00014948,-0.00418325,-0.00661297
0.00015096,-0.00451822,-0.00711857
0.00015244,-0.00418743,-0.00711857
0.00015392,-0.00434865,-0.00695145
0.0001554,-0.00435283,-0.00644584
0.00015688,-0.00434447,-0.00711857
0.00015836,-0.00469197,-0.0071228
0.00015984,-0.00434447,-0.0067801
0.00016132,-0.00468779,-0.00695145
0.0001628,-0.00468779,-0.00711857
0.00016428,-0.00469197,-0.00695145
0.00016576,-0.00385247,-0.0067801
0.00016724,-0.0045224,-0.0071228
0.00016872,-0.00434865,-0.00695145
0.0001702,-0.0045224,-0.0071228
0.00017168,-0.00401786,-0.00728992
0.00017316,-0.00418743,-0.00695145
0.00017464,-0.00435283,-0.00711857
0.00017612,-0.00435701,-0.0072857
0.0001776,-0.00401368,-0.00762418
0.00017908,-0.00452658,-0.00695145
0.00018056,-0.00418325,-0.00695145
0.00018204,-0.00402204,-0.00695145
0.00018352,-0.00418325,-0.00678432
0.000185,-0.00435701,-0.0071228
0.00018648,-0.00418325,-0.00695145
0.00018796,-0.00419161,-0.0071228
0.00018944,-0.00401786,-0.00661297
0.00019092,-0.00502694,-0.0067801
0.0001924,-0.00401368,-0.00695145
0.00019388,-0.00452658,-0.00695145
0.00019536,-0.00451822,-0.0071228
0.00019684,-0.00469197,-0.0067801
0.00019832,-0.00435283,-0.00695145
0.0001998,-0.0045224,-0.00711857
0.00020128,-0.00502276,-0.00644584
0.00020276,-0.00401786,-0.0071228
0.00020424,-0.0045224,-0.00695145
0.00020572,-0.00435701,-0.00745705
0.0002072,-0.00468362,-0.00678432
0.00020868,-0.0045224,-0.00627449
0.00021016,-0.00485319,-0.0071228
0.00021164,-0.00418325,-0.00729415
0.00021312,-0.00401368,-0.00728992
0.0002146,-0.00435701,-0.0071228
0.00021608,-0.00384829,-0.0067801
0.00021756,-0.00485737,-0.00695145
0.00021904,-0.00435283,-0.00779553
0.00022052,-0.00435283,-0.00695567
0.000222,-0.00418325,-0.00678432
0.00022348,-0.00435701,-0.00728992
0.00022496,-0.00418325,-0.00695145
0.00022644,-0.00485319,-0.00695145
0.00022792,-0.00451822,-0.00728992
0.0002294,-0.00435283,-0.00728992
0.00023088,-0.00451822,-0.00745705
0.00023236,-0.0045224,-0.00728992
0.00023384,-0.00435283,-0.0076284
0.00023532,-0.00485737,-0.0071228
0.0002368,-0.00435283,-0.00678432
0.00023828,-0.00401786,-0.00711857
0.00023976,-0.00451822,-0.00728992
0.00024124,-0.00468779,-0.0071228
0.00024272,-0.00417908,-0.0076284
0.0002442,-0.00402204,-0.0071228
0.00024568,-0.00434865,-0.00661297
0.00024716,-0.00469197,-0.00678432
0.00024864,-0.00417908,-0.00728992
0.00025012,-0.0045224,-0.0079711
0.0002516,-0.00435283,-0.00728992
0.00025308,-0.00485319,-0.00746127
0.00025456,-0.00468362,-0.0076284
0.00025604,-0.00485737,-0.00746127
0.00025752,-0.00468362,-0.00728992
0.000259,-0.00485737,-0.00745705
0.00026048,-0.00451822,-0.00711857
0.00026196,-0.00485737,-0.00728992
0.00026344,0.00023398,-0.0067801
0.00026492,-0.00670595,-0.0076284
0.0002664,-0.00435283,-0.00661297
0.00026788,-0.00301296,-0.00695145
0.00026936,-0.00535355,-0.00728992
0.00027084,-0.00318253,-0.00746127
0.00027232,-0.00485319,-0.0076284
0.0002738,-0.00318253,-0.00745705
0.00027528,0.00769516,-0.0072857
0.00027676,-0.00522158,-0.00796688
0.00027824,-0.00367454,-0.00644584
0.00027972,-0.000837771,-0.0067801
0.0002812,-0.00518398,-0.0072857
0.00028268,-0.000672377,-0.00695145
0.00028416,-0.00602348,-0.00745705
0.00028564,-0.00150352,-0.0067801
0.00028712,-0.00703674,-0.0071228
0.0002886,0.0102078,-0.00744861
0.00029008,-0.00550223,-0.00711435
0.00029156,-0.00469197,-0.00695145
0.00029304,-0.00166892,-0.00711857
0.00029452,-0.00485319,-0.00728992
0.000296,-0.00217346,-0.00695145
0.00029748,-0.00485737,-0.0067801
0.00029896,-0.00250425,-0.00745705
0.00030044,0.0200621,-0.00593601
0.00030192,-0.00736752,-0.00762418
0.0003034,-0.00183013,-0.00746127
0.00030488,-0.00101988,-0.00746127
0.00030636,-0.00232632,-0.00728992
0.00030784,-0.000846127,-0.0076284
0.00030932,-0.00383993,-0.00729415
0.0003108,-0.000846127,-0.00695145
0.00031228,-0.00602348,-0.0067801
0.00031376,0.000952315,-0.00763684
0.00031524,-0.00183431,-0.0067801
0.00031672,-0.00367036,-0.00779553
0.0003182,-0.00152024,-0.00779975
0.00031968,-0.00283921,-0.00695145
0.00032116,-0.00201642,-0.00745705
0.00032264,-0.00417908,-0.0071228
0.00032412,-0.00269053,-0.00745705
0.0003256,0.00747371,-0.00678854
0.00032708,-0.00535355,-0.00746127
0.00032856,0.00253278,-0.00711857
0.00033004,-0.00286428,-0.00746127
0.00033152,0.00252443,-0.00695145
0.000333,-0.00252932,-0.00796688
0.00033448,-0.000146947,-0.00711435
0.00033596,-0.00320343,-0.0076284
0.00033744,0.000242337,-0.00917477
0.00033892,-0.00604019,-0.00796688
0.0003404,-0.00151188,-0.00712702
0.00034188,-0.000655664,-0.0071228
0.00034336,-0.00251678,-0.00729415
0.00034484,-0.000333232,-0.0071228
0.00034632,-0.00301714,-0.00779975
0.0003478,-0.00300878,-0.00678432
0.00034928,0.00904338,-0.0067801
0.00035076,-0.00237228,-0.00796688
0.00035224,-0.00266128,-0.00695567
0.00035372,0.00501787,-0.00695145
0.0003552,-0.00283921,-0.00779553
0.00035668,0.00502205,-0.00728992
0.00035816,-0.0035175,-0.00779975
0.00035964,0.00234232,-0.0076284
0.00036112,-0.00654055,-0.00779553
0.0003626,0.010369,-0.00744861
0.00036408,-0.0038274,-0.00779131
0.00036556,-0.00302132,-0.00745705
0.00036704,0.00117203,-0.0071228
0.00036852,-0.00301714,-0.00746127
0.00037,0.000506273,-0.00695145
0.00037148,-0.00335628,-0.00728992
0.00037296,-0.00217346,-0.00661297
0.00037444,0.0187222,-0.00627871
0.00037592,-0.00451822,-0.00745705
0.0003774,0.00102335,-0.00695145
0.00037888,0.00333468,-0.00712702
0.00038036,0.00219364,-0.0072857
0.00038184,0.00417001,-0.00711857
0.00038332,-0.00183431,-0.00745705
0.0003848,0.00166403,-0.00695145
0.00038628,-0.00636262,-0.00728992
0.00038776,0.00112189,-0.00763684
0.00038924,-0.000324876,-0.00728992
0.00039072,-0.00149517,-0.00695145
0.0003922,0.00116367,-0.00728992
0.00039368,-0.000324876,-0.00728992
0.00039516,-6.62248e-06,-0.00661297
0.00039664,-0.00250842,-0.0067801
0.00039812,-0.00268635,-0.00678432
0.0003996,0.00698589,-0.00678854
0.00040108,-0.00250425,-0.00728992
0.00040256,0.00604784,-0.00728992
0.00040404,0.00133324,-0.00711857
0.00040552,0.00688317,-0.00695145
0.000407,0.00165985,-0.0076284
0.00040848,0.00185867,-0.00627449
0.00040996,-0.00236392,-0.0076284
0.00041144,0.000420266,-0.00883629
0.00041292,-0.00486572,-0.00779553
0.0004144,0.000328344,-0.00695567
0.00041588,0.00134996,-0.00695145
0.00041736,0.00016295,-0.0076284
0.00041884,0.00134578,-0.00695145
0.00042032,-0.00101152,-0.00745705
0.0004218,-0.00283921,-0.0072857
0.00042328,0.0107307,-0.00609892
0.00042476,-0.000858662,-0.00745705
0.00042624,-0.000151125,-0.00661297
0.00042772,0.00770596,-0.00661297
0.0004292,0.00134578,-0.00695145
0.00043068,0.00786717,-0.0071228
0.00043216,-0.000502804,-0.00728992
0.00043364,0.00401715,-0.00695145
0.00043512,-0.00570105,-0.00796688
0.0004366,0.010526,-0.00627449
0.00043808,-0.00299207,-0.00762418
0.00043956,-0.000837771,-0.00779553
0.00044104,0.00285104,-0.00746127
0.00044252,-0.00033741,-0.0076284
0.000444,0.00267729,-0.00695145
0.00044548,-0.00185103,-0.00729415
0.00044696,-0.00133813,-0.00746127
0.00044844,0.0177132,-0.00627871
0.00044992,-0.00300878,-0.00762418
0.0004514,0.00319854,-0.0071228
0.00045288,0.00685392,-0.00678432
0.00045436,0.00537791,-0.00644162
0.00045584,0.00718888,-0.0071228
0.00045732,0.00101499,-0.00695145
0.0004588,0.00266475,-0.00695145
0.00046028,-0.00685045,-0.00746127
0.00046176,-0.00452658,-0.00695145
0.00046324,4.91274,-0.00796266
0.00046472,4.89265,-0.0067801
0.0004662,4.8818,-0.00678432
0.00046768,4.88079,-0.00695145
0.00046916,4.88029,-0.0071228
0.00047064,4.87945,-0.0067801
0.00047212,4.87862,-0.00678432
0.0004736,4.87795,-0.0072857
0.00047508,4.87594,-0.00695145
0.00047656,4.87527,-0.00678432
0.00047804,4.87427,-0.0071228
0.00047952,4.87476,-0.00661297
0.000481,4.8746,-0.00644584
0.00048248,4.87477,-0.00695145
0.00048396,4.8741,-0.00746127
0.00048544,4.8741,-0.00711857
0.00048692,4.87527,-0.0071228
0.0004884,4.87527,-0.0071228
0.00048988,4.87628,-0.0067801
0.00049136,4.87644,-0.0072857
0.00049284,4.8761,-0.00695567
0.00049432,4.87661,-0.00695567
0.0004958,4.87544,-0.00711857
0.00049728,4.8756,-0.00661297
0.00049876,4.8741,-0.0067801
0.00050024,4.87426,-0.00729415
0.00050172,4.87376,-0.00728992
0.0005032,4.8736,-0.00695145
0.00050468,4.87309,-0.0067801
0.00050616,4.87376,-0.0071228
0.00050764,4.87343,-0.0076284
0.00050912,4.87359,-0.0071228
0.0005106,4.87343,-0.00661297
0.00051208,4.87443,-0.00746127
0.00051356,4.8746,-0.00695145
0.00051504,4.8751,-0.00711857
0.00051652,4.87611,-0.00695145
0.000518,4.87678,-0.00661297
0.00051948,4.87611,-0.00728992
0.00052096,4.87594,-0.00728992
0.00052244,4.8756,-0.00695145
0.00052392,4.8756,-0.00661297
0.0005254,4.87527,-0.00711857
0.00052688,4.87493,-0.00661297
0.00052836,4.8741,-0.0071228
0.00052984,4.87443,-0.00661297
0.00053132,4.87376,-0.0071228
0.0005328,4.87359,-0.0072857
0.00053428,4.87276,-0.00746127
0.00053576,4.87376,-0.0067801
0.00053724,4.87494,-0.00678432
0.00053872,4.87543,-0.00728992
0.0005402,4.87544,-0.00745705
0.00054168,4.8751,-0.00711857
0.00054316,4.8751,-0.0071228
0.00054464,4.8746,-0.00695145
0.00054612,4.87393,-0.00711857
0.0005476,4.87527,-0.0067801
0.00054908,4.87577,-0.00644584
0.00055056,4.8761,-0.00661297
0.00055204,4.87577,-0.0067801
0.00055352,4.8756,-0.0071228
0.000555,4.8751,-0.00695145
0.00055648,4.87493,-0.0067801
0.00055796,4.87427,-0.00695145
0.00055944,4.87427,-0.0072857
0.00056092,4.87376,-0.0072857
0.0005624,4.87343,-0.00678432
0.00056388,4.87276,-0.0076284
0.00056536,4.87309,-0.00728992
0.00056684,4.87293,-0.00695567
0.00056832,4.87343,-0.00711857
0.0005698,4.87427,-0.00729415
0.00057128,4.87459,-0.00695145
0.00057276,4.8746,-0.0071228
0.00057424,4.87493,-0.00746127
0.00057572,4.8746,-0.00695145
0.0005772,4.87393,-0.00728992
0.00057868,4.8741,-0.00729415
0.00058016,4.87376,-0.00695145
0.00058164,4.87343,-0.00711857
0.00058312,4.87376,-0.00695145
0.0005846,4.87376,-0.00695145
0.00058608,4.87443,-0.00695145
0.00058756,4.87527,-0.0071228
0.00058904,4.87627,-0.00745705
0.00059052,4.87544,-0.00660875
0.000592,4.87644,-0.00661297
0.00059348,4.8756,-0.00728992
0.00059496,4.87577,-0.0071228
0.00059644,4.87527,-0.00695145
0.00059792,4.87527,-0.0067801
0.0005994,4.87644,-0.00695145
0.00060088,4.87711,-0.00729415
0.00060236,4.87728,-0.00728992
0.00060384,4.87677,-0.00711857
0.00060532,4.87694,-0.0071228
0.0006068,4.8761,-0.00745705
0.00060828,4.8756,-0.0076284
0.00060976,4.8756,-0.00728992
0.00061124,4.87477,-0.00728992
0.00061272,4.87577,-0.0076284
0.0006142,4.87527,-0.00728992
0.00061568,4.87544,-0.00678432
0.00061716,4.87544,-0.00763262
0.00061864,4.87594,-0.0071228
0.00062012,4.87527,-0.00745705
0.0006216,4.87527,-0.0067801
0.00062308,4.87611,-0.0071228
0.00062456,4.87561,-0.00746127
0.00062604,4.87594,-0.0071228
0.00062752,4.87493,-0.0071228
0.000629,4.87477,-0.0072857
0.00063048,4.87477,-0.00711857
0.00063196,4.8746,-0.0076284
0.00063344,4.8741,-0.00745705
0.00063492,4.87427,-0.00695145
0.0006364,4.87443,-0.0071228
0.00063788,4.8746,-0.00694722
0.00063936,4.87443,-0.00644162
0.00064084,4.87376,-0.00694722
0.00064232,4.87342,-0.00728992
0.0006438,4.87309,-0.00711857
0.00064528,4.87292,-0.00728992
0.00064676,4.87159,-0.00728992
0.00064824,4.87125,-0.00728992
0.00064972,4.87125,-0.0076284
0.0006512,4.87158,-0.0071228
0.00065268,4.87209,-0.00695145
0.00065416,4.87259,-0.00695145
0.00065564,4.87259,-0.00746127
0.00065712,4.87359,-0.00695145
0.0006586,4.87276,-0.00678432
0.00066008,4.87242,-0.0067801
0.00066156,4.87242,-0.00694722
0.00066304,4.87242,-0.00678432
0.00066452,4.87293,-0.00728992
0.000666,4.87343,-0.00694722
0.00066748,4.8741,-0.0071228
0.00066896,4.87494,-0.00746127
0.00067044,4.87393,-0.0071228
0.00067192,4.87443,-0.0071228
0.0006734,4.87393,-0.00678432
0.00067488,4.8746,-0.0067801
0.00067636,4.8746,-0.00661297
0.00067784,4.8736,-0.0071228
0.00067932,4.87376,-0.0071228
0.0006808,4.87393,-0.00728992
0.00068228,4.87393,-0.00695145
0.00068376,4.87443,-0.00745705
0.00068524,4.87577,-0.00746127
0.00068672,4.87544,-0.00779975
0.0006882,4.87627,-0.0076284
0.00068968,4.87527,-0.00728992
0.00069116,4.87527,-0.0071228
0.00069264,4.87443,-0.00728992
0.00069412,4.87427,-0.00661297
0.0006956,4.87376,-0.0071228
0.00069708,4.87342,-0.00728992
0.00069856,4.87326,-0.00763262
0.00070004,4.87293,-0.00745705
0.00070152,4.87292,-0.00796688
0.000703,4.87276,-0.0076284
0.00070448,4.87326,-0.00728992
0.00070596,4.87242,-0.00779553
0.00070744,4.87326,-0.00779553
0.00070892,4.87242,-0.0076284
0.0007104,4.87225,-0.00746127
0.00071188,4.87142,-0.00695567
0.00071336,4.87259,-0.00695567
0.00071484,4.8736,-0.00746127
0.00071632,4.87309,-0.00711857
0.0007178,4.8741,-0.0067801
0.00071928,4.8746,-0.00695145
0.00072076,4.87477,-0.0071228
0.00072224,4.8746,-0.00695145
0.00072372,4.87427,-0.00728992
0.0007252,4.87427,-0.00746127
0.00072668,4.87342,-0.0076284
0.00072816,4.87259,-0.00695145
0.00072964,4.87226,-0.0071228
0.00073112,4.87376,-0.00746127
0.0007326,4.87309,-0.00711857
0.00073408,4.87376,-0.00796688
0.00073556,4.87343,-0.00711857
0.00073704,4.87259,-0.00728992
0.00073852,4.87259,-0.00746127
0.00074,4.87242,-0.0076284
0.00074148,4.87242,-0.00728992
0.00074296,4.87259,-0.00661297
0.00074444,4.87226,-0.00695145
0.00074592,4.87192,-0.00678432
0.0007474,4.87176,-0.00678432
0.00074888,4.87175,-0.00695567
0.00075036,4.87092,-0.00678432
0.00075184,4.87209,-0.0067801
0.00075332,4.87226,-0.0071228
0.0007548,4.87343,-0.00711857
0.00075628,4.87293,-0.00728992
0.00075776,4.8736,-0.00695145
0.00075924,4.87376,-0.00711857
0.00076072,4.8741,-0.0067801
0.0007622,4.8736,-0.00711857
0.00076368,4.87393,-0.0071228
0.00076516,4.87343,-0.00695145
0.00076664,4.8746,-0.00695145
0.00076812,4.87427,-0.0076284
0.0007696,4.87426,-0.00711857
0.00077108,4.8741,-0.0076284
0.00077256,4.87292,-0.00779553
0.00077404,4.87309,-0.0076284
0.00077552,4.87309,-0.00711857
0.000777,4.87276,-0.00661297
0.00077848,4.87309,-0.0067801
0.00077996,4.87242,-0.00695145
0.00078144,4.87226,-0.00695145
0.00078292,4.87376,-0.00746127
0.0007844,4.87393,-0.0067801
0.00078588,4.87376,-0.00695567
0.00078736,4.87443,-0.00711857
0.00078884,4.87376,-0.00678432
0.00079032,4.87393,-0.00763262
0.0007918,4.8741,-0.00728992
0.00079328,4.8746,-0.00729415
0.00079476,4.87393,-0.00745705
0.00079624,4.87309,-0.00745705
0.00079772,4.8741,-0.00746127
0.0007992,4.87376,-0.0067801
0.00080068,4.87477,-0.00678432
0.00080216,4.87527,-0.00661719
0.00080364,4.87577,-0.00745705
0.00080512,4.87577,-0.00796688
0.0008066,4.87611,-0.00695145
0.00080808,4.87494,-0.00745705
0.00080956,4.87393,-0.0076284
0.00081104,4.87359,-0.0072857
0.00081252,4.8741,-0.00695145
0.000814,4.8736,-0.00711857
0.00081548,4.87343,-0.00644162
0.00081696,4.8741,-0.00695145
0.00081844,4.8746,-0.00711857
0.00081992,4.87427,-0.00695145
0.0008214,4.8751,-0.00728992
0.00082288,4.87544,-0.00694722
0.00082436,4.87577,-0.00728992
0.00082584,4.87577,-0.00728992
0.00082732,4.8751,-0.00695145
0.0008288,4.8746,-0.00729415
0.00083028,4.8746,-0.00711857
0.00083176,4.87376,-0.00695145
0.00083324,4.87393,-0.00610736
0.00083472,4.8736,-0.00661719
0.0008362,4.87393,-0.0071228
0.00083768,4.8741,-0.00728992
0.00083916,4.87443,-0.00728992
0.00084064,4.87527,-0.0067801
0.00084212,4.8751,-0.00695145
0.0008436,4.87493,-0.00746127
0.00084508,4.87443,-0.00711857
0.00084656,4.87443,-0.00695145
0.00084804,4.87477,-0.00728992
0.00084952,4.8751,-0.0071228
0.000851,4.87426,-0.00728992
0.00085248,4.87494,-0.00763262
0.00085396,4.8751,-0.00678432
0.00085544,4.8741,-0.00728992
0.00085692,4.87443,-0.00745705
0.0008584,4.87443,-0.00729415
0.00085988,4.87494,-0.00678432
0.00086136,4.87527,-0.00695145
0.00086284,4.87544,-0.00695145
0.00086432,4.8751,-0.0072857
0.0008658,4.87477,-0.0076284
0.00086728,4.8751,-0.0067801
0.00086876,4.87494,-0.00695145
0.00087024,4.87527,-0.00695145
0.00087172,4.87494,-0.00695145
0.0008732,4.87561,-0.0071228
0.00087468,4.87611,-0.00728992
0.00087616,4.87611,-0.00711857
0.00087764,4.87594,-0.00728992
0.00087912,4.87594,-0.00746127
0.0008806,4.87594,-0.00695567
0.00088208,4.8756,-0.00728992
0.00088356,4.87577,-0.00745705
0.00088504,4.87627,-0.0067801
0.00088652,4.87661,-0.00695145
0.000888,4.87711,-0.00728992
0.00088948,4.87711,-0.00695145
0.00089096,4.87627,-0.00728992
0.00089244,4.87611,-0.0071228
0.00089392,4.87544,-0.00746127
0.0008954,4.87493,-0.00695145
0.00089688,4.8746,-0.00745705
0.00089836,4.87443,-0.0072857
0.00089984,4.8751,-0.00644584
0.00090132,4.87493,-0.0071228
0.0009028,4.8751,-0.00644584
0.00090428,4.8751,-0.00644584
0.00090576,4.8746,-0.00728992
0.00090724,4.87343,-0.00695567
0.00090872,4.87393,-0.00728992
0.0009102,4.87393,-0.0067801
0.00091168,4.87326,-0.0067801
0.00091316,4.87376,-0.00728992
0.00091464,4.8741,-0.00678432
0.00091612,4.87494,-0.00695145
0.0009176,4.87561,-0.00695145
0.00091908,4.87611,-0.00661297
0.00092056,4.87611,-0.00660875
0.00092204,4.87677,-0.00695145
0.00092352,4.87678,-0.00728992
0.000925,4.87594,-0.0067801
0.00092648,4.87644,-0.0067801
0.00092796,4.87661,-0.0072857
0.00092944,4.87661,-0.00695145
0.00093092,4.87594,-0.00678432
0.0009324,4.87561,-0.00695145
0.00093388,4.87527,-0.0067801
0.00093536,4.8756,-0.0071228
0.00093684,4.87494,-0.00695145
0.00093832,4.87577,-0.0076284
0.0009398,4.87611,-0.00695145
0.00094128,4.87594,-0.00644162
0.00094276,4.87527,-0.00729415
0.00094424,4.87493,-0.00711857
0.00094572,4.8746,-0.00746127
0.0009472,4.87393,-0.0071228
0.00094868,4.87477,-0.00677587
0.00095016,4.87443,-0.00711857
0.00095164,4.87493,-0.00695567
0.00095312,4.87561,-0.00694722
0.0009546,4.87527,-0.00695145
0.00095608,4.87477,-0.00695145
0.00095756,4.8741,-0.0071228
0.00095904,4.8746,-0.0071228
0.00096052,4.87326,-0.0071228
0.000962,4.87477,-0.00729415
0.00096348,4.8746,-0.00711857
0.00096496,4.87477,-0.00728992
0.00096644,4.87427,-0.00661297
0.00096792,4.87443,-0.00695145
0.0009694,4.87426,-0.00695567
0.00097088,4.87376,-0.00678432
0.00097236,4.8746,-0.00695145
0.00097384,4.87477,-0.00660875
0.00097532,4.87527,-0.0067801
0.0009768,4.87561,-0.00695145
0.00097828,4.87577,-0.00728992
0.00097976,4.87594,-0.00695145
0.00098124,4.87426,-0.00678432
0.00098272,4.87443,-0.00644162
0.0009842,4.8746,-0.00678432
0.00098568,4.8751,-0.0071228
0.00098716,4.87543,-0.00695145
0.00098864,4.87644,-0.00695145
0.00099012,4.87644,-0.00728992
0.0009916,4.87711,-0.00678432
0.00099308,4.8761,-0.00695145
0.00099456,4.87611,-0.0076284
0.00099604,4.87527,-0.00762418
0.00099752,4.87493,-0.00728992
0.000999,4.8746,-0.00746127
0.00100048,4.8736,-0.0067801
0.00100196,4.87359,-0.0071228
0.00100344,4.87326,-0.0067801
0.00100492,4.87342,-0.00711857
0.0010064,4.87293,-0.00661297
0.00100788,4.87325,-0.00728992
0.00100936,4.87343,-0.00661297
0.00101084,4.87242,-0.00711435
0.00101232,4.87226,-0.0067801
0.0010138,4.87326,-0.00695145
0.00101528,4.87427,-0.00746127
0.00101676,4.87477,-0.00678432
0.00101824,4.87577,-0.00678432
0.00101972,4.87527,-0.00728992
0.0010212,4.87527,-0.0076284
0.00102268,4.87527,-0.0071228
0.00102416,4.8751,-0.00745705
0.00102564,4.87544,-0.00746127
0.00102712,4.87527,-0.0076284
0.0010286,4.87544,-0.0076284
0.00103008,4.87426,-0.0071228
0.00103156,4.87459,-0.00728992
0.00103304,4.87443,-0.00695145
0.00103452,4.87443,-0.00728992
0.001036,4.87443,-0.00661297
0.00103748,4.87342,-0.00678432
0.00103896,4.87293,-0.00695145
0.00104044,4.87359,-0.00661719
0.00104192,4.87343,-0.00661297
0.0010434,4.87393,-0.0072857
0.00104488,4.87393,-0.0071228
0.00104636,4.87326,-0.00746127
0.00104784,4.87393,-0.00779553
0.00104932,4.87309,-0.00745705
0.0010508,4.87293,-0.00678432
0.00105228,4.87343,-0.00728992
0.00105376,4.87276,-0.00695145
0.00105524,4.87292,-0.0071228
0.00105672,4.87192,-0.00711857
0.0010582,4.87192,-0.0076284
0.00105968,4.87125,-0.0076284
0.00106116,4.87091,-0.00728992
0.00106264,4.87008,-0.00694722
0.00106412,4.87058,-0.0071228
0.0010656,4.87058,-0.00695145
0.00106708,4.87074,-0.00695145
0.00106856,4.86991,-0.0072857
0.00107004,4.86974,-0.0067801
0.00107152,4.86958,-0.00746127
0.001073,4.86957,-0.00728992
0.00107448,4.87042,-0.00745705
0.00107596,4.87008,-0.00745705
0.00107744,4.86974,-0.00728992
0.00107892,4.86941,-0.00711857
0.0010804,4.87008,-0.00695567
0.00108188,4.87041,-0.00711857
0.00108336,4.87075,-0.00695145
0.00108484,4.87192,-0.00746127
0.00108632,4.87209,-0.00678432
0.0010878,4.87292,-0.00728992
0.00108928,4.87242,-0.00695145
0.00109076,4.87326,-0.0076284
0.00109224,4.87259,-0.00695567
0.00109372,4.87275,-0.00745705
0.0010952,4.87242,-0.00728992
0.00109668,4.87275,-0.00661297
0.00109816,4.87293,-0.00695145
0.00109964,4.87259,-0.0067801
0.00110112,4.87309,-0.0071228
0.0011026,4.87275,-0.00728992
0.00110408,4.87276,-0.00729415
0.00110556,4.87259,-0.00779553
0.00110704,4.87326,-0.00728992
0.00110852,4.87326,-0.00746127
0.00111,4.87226,-0.0076284
0.00111148,4.87208,-0.00728992
0.00111296,4.87309,-0.00728992
0.00111444,4.87376,-0.00746127
0.00111592,4.87343,-0.00745705
0.0011174,4.87443,-0.00728992
0.00111888,4.87393,-0.0071228
0.00112036,4.8741,-0.00711857
0.00112184,4.87443,-0.00728992
0.00112332,4.87426,-0.00695567
0.0011248,4.87393,-0.00746127
0.00112628,4.87325,-0.00711857
0.00112776,4.87309,-0.00695567
0.00112924,4.87275,-0.00745705
0.00113072,4.87259,-0.00728992
0.0011322,4.87292,-0.0071228
0.00113368,4.87309,-0.0076284
0.00113516,4.87209,-0.00695145
0.00113664,4.87192,-0.00728992
0.00113812,4.87209,-0.00728992
0.0011396,4.87175,-0.00728992
0.00114108,4.87158,-0.00694722
0.00114256,4.87125,-0.0067801
0.00114404,4.87108,-0.00678432
0.00114552,4.87192,-0.00695145
0.001147,4.87242,-0.00745705
0.00114848,4.87259,-0.00728992
0.00114996,4.87309,-0.00695145
0.00115144,4.87293,-0.0071228
0.00115292,4.87326,-0.00695145
0.0011544,4.87326,-0.00695145
0.00115588,4.87276,-0.00728992
0.00115736,4.87343,-0.00695145
0.00115884,4.87359,-0.00695145
0.00116032,4.87376,-0.0071228
0.0011618,4.87342,-0.00728992
0.00116328,4.87343,-0.00746127
0.00116476,4.87326,-0.0076284
0.00116624,4.87376,-0.00796688
0.00116772,4.87292,-0.00728992
0.0011692,4.87326,-0.00728992
0.00117068,4.87376,-0.00711857
0.00117216,4.87343,-0.0067801
0.00117364,4.87326,-0.0067801
0.00117512,4.87276,-0.00678432
0.0011766,4.87292,-0.00711857
0.00117808,4.87293,-0.0067801
0.00117956,4.87275,-0.00746127
0.00118104,4.87276,-0.00695145
0.00118252,4.87208,-0.00711857
0.001184,4.87242,-0.00678432
0.00118548,4.87292,-0.00695145
0.00118696,4.87309,-0.00678432
0.00118844,4.87242,-0.00661297
0.00118992,4.87276,-0.0067801
0.0011914,4.87292,-0.00745705
0.00119288,4.87242,-0.00746127
0.00119436,4.87258,-0.00678432
0.00119584,4.87326,-0.00728992
0.00119732,4.87226,-0.00711857
0.0011988,4.87259,-0.00695145
0.00120028,4.87309,-0.00695145
0.00120176,4.87242,-0.00728992
0.00120324,4.87309,-0.00694722
0.00120472,4.87259,-0.00711857
0.0012062,4.87191,-0.0072857
0.00120768,4.87159,-0.0071228
0.00120916,4.87208,-0.0071228
0.00121064,4.87175,-0.00695145
0.00121212,4.87175,-0.00796688
0.0012136,4.87326,-0.0071228
0.00121508,4.87393,-0.00728992
0.00121656,4.87494,-0.00745705
0.00121804,4.87576,-0.00779975
0.00121952,4.87644,-0.00695145
0.001221,4.8761,-0.0076284
0.00122248,4.87644,-0.00728992
0.00122396,4.8761,-0.00711857
0.00122544,4.87678,-0.00746127
0.00122692,4.87694,-0.00695145
0.0012284,4.87678,-0.00746127
0.00122988,4.87644,-0.00728992
0.00123136,4.87527,-0.0076284
0.00123284,4.87577,-0.00745705
0.00123432,4.87494,-0.00728992
0.0012358,4.8751,-0.00711857
0.00123728,4.87544,-0.00694722
0.00123876,4.87493,-0.00678432
0.00124024,4.87561,-0.00627449
0.00124172,4.8761,-0.00746127
0.0012432,4.87627,-0.0067801
0.00124468,4.8756,-0.00610736
0.00124616,4.87527,-0.00728992
0.00124764,4.87527,-0.0071228
0.00124912,4.8751,-0.00711857
0.0012506,4.87443,-0.00695567
0.00125208,4.87477,-0.00695145
0.00125356,4.8746,-0.0071228
0.00125504,4.87443,-0.00695145
0.00125652,4.87493,-0.0071228
0.001258,4.87494,-0.00711857
0.00125948,4.87644,-0.00746127
0.00126096,4.87627,-0.0071228
0.00126244,4.87611,-0.00694722
0.00126392,4.87644,-0.00729415
0.0012654,4.8761,-0.00779975
0.00126688,4.87561,-0.00728992
0.00126836,4.8756,-0.00678432
0.00126984,4.87544,-0.00728992
0.00127132,4.8756,-0.0076284
0.0012728,4.87527,-0.0071228
0.00127428,4.87442,-0.00729415
0.00127576,4.8741,-0.00728992
0.00127724,4.87309,-0.00745705
0.00127872,4.87343,-0.0071228
0.0012802,4.87359,-0.00660875
0.00128168,4.87376,-0.00627449
0.00128316,4.87409,-0.0071228
0.00128464,4.8741,-0.00695145
0.00128612,4.87359,-0.00627449
0.0012876,4.87276,-0.00627449
0.00128908,4.87325,-0.00661297
0.00129056,4.87293,-0.00627449
0.00129204,4.87309,-0.00745705
0.00129352,4.87377,-0.00678432
0.001295,4.87426,-0.00695567
0.00129648,4.87393,-0.00746127
0.00129796,4.87426,-0.00711857
0.00129944,4.8736,-0.00678432
0.00130092,4.87308,-0.00728992
0.0013024,4.87309,-0.0071228
0.00130388,4.87242,-0.00728992
0.00130536,4.87326,-0.00644162
0.00130684,4.87309,-0.00694722
0.00130832,4.87376,-0.00695145
0.0013098,4.87376,-0.0071228
0.00131128,4.87376,-0.00711857
0.00131276,4.87393,-0.00728992
0.00131424,4.87376,-0.00695145
0.00131572,4.8751,-0.00728992
0.0013172,4.87594,-0.00695145
0.00131868,4.87627,-0.0072857
0.00132016,4.87611,-0.00779553
0.00132164,4.87543,-0.0076284
0.00132312,4.87494,-0.0071228
0.0013246,4.87509,-0.00695145
0.00132608,4.87494,-0.0067801
0.00132756,4.87509,-0.00695145
0.00132904,4.87561,-0.00745705
0.00133052,4.87476,-0.00728992
0.001332,4.87494,-0.0071228
0.00133348,4.87376,-0.00711857
0.00133496,4.8741,-0.00728992
0.00133644,4.87376,-0.00695145
0.00133792,4.87326,-0.00695567
0.0013394,4.87309,-0.0071228
0.00134088,4.87276,-0.00695145
0.00134236,4.87258,-0.00695145
0.00134384,4.87174,-0.00678854
0.00134532,4.87208,-0.0079711
0.0013468,4.87209,-0.0072857
0.00134828,4.87191,-0.00695145
0.00134976,4.87125,-0.00745705
0.00135124,4.87141,-0.00695145
0.00135272,4.87159,-0.00661297
0.0013542,4.87091,-0.0071228
0.00135568,4.87159,-0.0071228
0.00135716,4.87175,-0.0067801
0.00135864,4.87276,-0.00746127
0.00136012,4.87225,-0.00746127
0.0013616,4.8731,-0.0067801
0.00136308,4.87342,-0.00745705
0.00136456,4.8736,-0.00745705
0.00136604,4.87393,-0.00745705
0.00136752,4.8741,-0.00711857
0.001369,4.87359,-0.00728992
0.00137048,4.8736,-0.00695145
0.00137196,4.87325,-0.0071228
0.00137344,4.8736,-0.00728992
0.00137492,4.87308,-0.0076284
0.0013764,4.87259,-0.00728992
0.00137788,4.87409,-0.00695145
0.00137936,4.8741,-0.00745705
0.00138084,4.87409,-0.00711857
0.00138232,4.87393,-0.00728992
0.0013838,4.87392,-0.0072857
0.00138528,4.87343,-0.00661297
0.00138676,4.87392,-0.0076284
0.00138824,4.87477,-0.00728992
0.00138972,4.87526,-0.00745705
0.0013912,4.87611,-0.00728992
0.00139268,4.87594,-0.00711857
0.00139416,4.8756,-0.00695567
0.00139564,4.87594,-0.00728992
0.00139712,4.87594,-0.00728992
0.0013986,4.87509,-0.00745705
0.00140008,4.87427,-0.00695145
0.00140156,4.87443,-0.00746127
0.00140304,4.8736,-0.0071228
0.00140452,4.87359,-0.00762418
0.001406,4.87309,-0.00695145
0.00140748,4.87392,-0.00728992
0.00140896,4.87343,-0.00711857
0.00141044,4.87359,-0.00728992
0.00141192,4.87326,-0.00728992
0.0014134,4.87376,-0.00779553
0.00141488,4.87494,-0.0076284
0.00141636,4.87443,-0.00695145
0.00141784,4.87577,-0.00745705
0.00141932,4.8756,-0.00695145
0.0014208,4.87561,-0.00661297
0.00142228,4.8751,-0.00728992
0.00142376,4.87544,-0.00695145
0.00142524,4.87577,-0.00728992
0.00142672,4.87594,-0.00711857
0.0014282,4.87561,-0.00711857
0.00142968,4.87577,-0.0071228
0.00143116,4.8756,-0.0076284
0.00143264,4.87561,-0.0071228
0.00143412,4.87526,-0.0072857
0.0014356,4.87561,-0.00711857
0.00143708,4.87543,-0.00728992
0.00143856,4.87544,-0.0071228
0.00144004,4.87493,-0.00695145
0.00144152,4.8746,-0.00711857
0.001443,4.87409,-0.00711857
0.00144448,4.87494,-0.00728992
0.00144596,4.87527,-0.00728992
0.00144744,4.87494,-0.0071228
0.00144892,4.87461,-0.00695145
0.0014504,4.87477,-0.00728992
0.00145188,4.87393,-0.00695145
0.00145336,4.87444,-0.00661297
0.00145484,4.87476,-0.00728992
0.00145632,4.87393,-0.00695145
0.0014578,4.87426,-0.0071228
0.00145928,4.87494,-0.00711857
0.00146076,4.87544,-0.00711857
0.00146224,4.8751,-0.00695145
0.00146372,4.87543,-0.0071228
0.0014652,4.87527,-0.00728992
0.00146668,4.8751,-0.0076284
0.00146816,4.87544,-0.00746127
0.00146964,4.87477,-0.00728992
0.00147112,4.87477,-0.00729415
0.0014726,4.87443,-0.00745705
0.00147408,4.87427,-0.0076284
0.00147556,4.87342,-0.00695145
0.00147704,4.87527,-0.00746127
0.00147852,4.87493,-0.00711857
0.00148,4.87577,-0.0067801
0.00148148,4.87527,-0.00728992
0.00148296,4.8751,-0.00728992
0.00148444,4.87476,-0.00695567
0.00148592,4.8751,-0.0076284
0.0014874,4.87475,-0.00745705
0.00148888,4.87443,-0.00695567
0.00149036,4.87443,-0.0076284
0.00149184,4.87494,-0.00779975
0.00149332,4.87443,-0.0076284
0.0014948,4.8741,-0.00728992
0.00149628,4.87359,-0.00694722
0.00149776,4.87393,-0.0071228
0.00149924,4.87359,-0.00728992
0.00150072,4.87376,-0.00796688
0.0015022,4.87375,-0.0076284
0.00150368,4.8746,-0.00728992
0.00150516,4.87493,-0.0072857
0.00150664,4.87494,-0.0071228
0.00150812,4.87493,-0.0076284
0.0015096,4.87477,-0.00661297
0.00151108,4.87443,-0.00728992
0.00151256,4.8741,-0.00728992
0.00151404,4.87359,-0.00746127
0.00151552,4.87443,-0.00695145
0.001517,4.8751,-0.00729415
0.00151848,4.87577,-0.00746127
0.00151996,4.87526,-0.00728992
0.00152144,4.87611,-0.00779975
0.00152292,4.87526,-0.00746127
0.0015244,4.87494,-0.0076284
0.00152588,4.87459,-0.00728992
0.00152736,4.87477,-0.0071228
0.00152884,4.87392,-0.00695145
0.00153032,4.87393,-0.00746127
0.0015318,4.87309,-0.0071228
0.00153328,4.87359,-0.00728992
0.00153476,4.87275,-0.00695145
0.00153624,4.87343,-0.00711857
0.00153772,4.87308,-0.0076284
0.0015392,4.87343,-0.00745705
0.00154068,4.87343,-0.00660875
0.00154216,4.87343,-0.0071228
0.00154364,4.87342,-0.00695145
0.00154512,4.87326,-0.0071228
0.0015466,4.87359,-0.00728992
0.00154808,4.8741,-0.00695145
0.00154956,4.87409,-0.00695145
0.00155104,4.87393,-0.00695145
0.00155252,4.87275,-0.00728992
0.001554,4.8731,-0.00711857
0.00155548,4.87292,-0.00660875
0.00155696,4.87343,-0.00661297
0.00155844,4.87308,-0.00695145
0.00155992,4.87343,-0.00695145
0.0015614,4.87258,-0.00695145
0.00156288,4.87376,-0.00745705
0.00156436,4.87325,-0.0067801
0.00156584,4.87376,-0.0067801
0.00156732,4.87309,-0.00711857
0.0015688,4.87343,-0.00745705
0.00157028,4.87309,-0.0076284
0.00157176,4.8741,-0.00695567
0.00157324,4.87409,-0.00695145
0.00157472,4.87342,-0.00746127
0.0015762,4.87359,-0.00746127
0.00157768,4.87343,-0.00746127
0.00157916,4.87426,-0.00745705
0.00158064,4.87427,-0.00711857
0.00158212,4.87409,-0.0076284
0.0015836,4.87427,-0.00745705
0.00158508,4.87359,-0.00711857
0.00158656,4.8741,-0.00746127
0.00158804,4.87376,-0.00728992
0.00158952,4.87477,-0.0076284
0.001591,4.87459,-0.00745705
0.00159248,4.8746,-0.00729415
0.00159396,4.87426,-0.00711857
0.00159544,4.87477,-0.00627449
0.00159692,4.87393,-0.00661297
0.0015984,4.87527,-0.00695145
0.00159988,4.87493,-0.00745705
0.00160136,4.87544,-0.0076284
0.00160284,4.87493,-0.00745705
0.00160432,4.87443,-0.0071228
0.0016058,4.87476,-0.00728992
0.00160728,4.8746,-0.00728992
0.00160876,4.8751,-0.00728992
0.00161024,4.87494,-0.00695145
0.00161172,4.87526,-0.00695145
0.0016132,4.87628,-0.00711857
0.00161468,4.87577,-0.00695145
0.00161616,4.87661,-0.0076284
0.00161764,4.87644,-0.0076284
0.00161912,4.87761,-0.00678432
0.0016206,4.87627,-0.00711857
0.00162208,4.87728,-0.0076284
0.00162356,4.87744,-0.00728992
0.00162504,4.87745,-0.00746127
0.00162652,4.87727,-0.00695145
0.001628,4.87728,-0.00644162
0.00162948,4.87677,-0.00796688
0.00163096,4.87611,-0.00728992
0.00163244,4.87593,-0.00695145
0.00163392,4.87594,-0.0076284
0.0016354,4.87577,-0.00711857
0.00163688,4.87561,-0.00695145
0.00163836,4.8761,-0.00745705
0.00163984,4.87611,-0.00644584
0.00164132,4.87627,-0.00661297
0.0016428,4.87611,-0.00695145
0.00164428,4.87543,-0.00728992
0.00164576,4.87527,-0.00695145
0.00164724,4.87493,-0.00779975
0.00164872,4.87544,-0.00695145
0.0016502,4.8751,-0.0067801
0.00165168,4.87594,-0.00661297
0.00165316,4.87644,-0.00745705
0.00165464,4.87644,-0.00695145
0.00165612,4.8756,-0.00660875
0.0016576,4.87561,-0.0067801
0.00165908,4.8746,-0.00711857
0.00166056,4.8746,-0.0076284
0.00166204,4.87493,-0.00677587
0.00166352,4.8746,-0.00711857
0.001665,4.87443,-0.00695145
0.00166648,4.87443,-0.00711857
0.00166796,4.87426,-0.0067801
0.00166944,4.87393,-0.00695145
0.00167092,4.87392,-0.00711857
0.0016724,4.87443,-0.00728992
0.00167388,4.87409,-0.0076284
0.00167536,4.87494,-0.00728992
0.00167684,4.87509,-0.00745705
0.00167832,4.8751,-0.00660875
0.0016798,4.8751,-0.00746127
0.00168128,4.8751,-0.0067801
0.00168276,4.87392,-0.00661297
0.00168424,4.8741,-0.0071228
0.00168572,4.87426,-0.00711857
0.0016872,4.87544,-0.0071228
0.00168868,4.87593,-0.00711857
0.00169016,4.87611,-0.00695567
0.00169164,4.8761,-0.00746127
0.00169312,4.87578,-0.00695145
0.0016946,4.8756,-0.00711857
0.00169608,4.87477,-0.0071228
0.00169756,4.87459,-0.00728992
0.00169904,4.8751,-0.00694722
0.00170052,4.87425,-0.00728992
0.001702,4.87443,-0.00711857
0.00170348,4.87342,-0.00695145
0.00170496,4.87494,-0.00711857
0.00170644,4.87426,-0.00694722
0.00170792,4.87527,-0.00695145
0.0017094,4.87627,-0.0071228
0.00171088,4.87661,-0.00711857
0.00171236,4.87611,-0.00695145
0.00171384,4.87711,-0.00728992
0.00171532,4.8771,-0.0071228
0.0017168,4.87745,-0.00728992
0.00171828,4.87761,-0.00711857
0.00171976,4.87812,-0.00644162
0.00172124,4.87828,-0.00678432
0.00172272,4.87728,-0.0071228
0.0017242,4.87777,-0.00695145
0.00172568,4.87761,-0.00678432
0.00172716,4.87761,-0.00678432
0.00172864,4.87711,-0.00661297
0.00173012,4.87677,-0.0071228
0.0017316,4.87694,-0.00678432
0.00173308,4.87627,-0.00695145
0.00173456,4.87728,-0.00695145
0.00173604,4.8761,-0.00711857
0.00173752,4.87661,-0.00695145
0.001739,4.8751,-0.00678432
0.00174048,4.87561,-0.0071228
0.00174196,4.8756,-0.00695145
0.00174344,4.87661,-0.00728992
0.00174492,4.8766,-0.00728992
0.0017464,4.87627,-0.00678432
0.00174788,4.87744,-0.00745705
0.00174936,4.87711,-0.00661297
0.00175084,4.87643,-0.0071228
0.00175232,4.87628,-0.00695145
0.0017538,4.87576,-0.00711435
0.00175528,4.87544,-0.00644584
0.00175676,4.8751,-0.0076284
0.00175824,4.87577,-0.0076284
0.00175972,4.8761,-0.00728992
0.0017612,4.87627,-0.00728992
0.00176268,4.87609,-0.00745705
0.00176416,4.87577,-0.00745705
0.00176564,4.87543,-0.0067801
0.00176712,4.87577,-0.0076284
0.0017686,4.8761,-0.00711857
0.00177008,4.87577,-0.00711857
0.00177156,4.87576,-0.00678432
0.00177304,4.8751,-0.0071228
0.00177452,4.87459,-0.00695145
0.001776,4.8741,-0.00678432
0.00177748,4.87426,-0.00661297
0.00177896,4.8741,-0.00729415
0.00178044,4.87459,-0.00728992
0.00178192,4.87477,-0.00746127
0.0017834,4.87426,-0.00695145
0.00178488,4.87494,-0.00695145
0.00178636,4.87409,-0.00661297
0.00178784,4.87427,-0.00678432
0.00178932,4.87459,-0.00661719
0.0017908,4.87544,-0.00694722
0.00179228,4.8756,-0.00779553
0.00179376,4.87711,-0.00695145
0.00179524,4.87627,-0.00728992
0.00179672,4.87678,-0.00728992
0.0017982,4.87593,-0.00711857
0.00179968,4.87661,-0.00762418
0.00180116,4.87526,-0.00694722
0.00180264,4.87494,-0.00661297
0.00180412,4.87443,-0.00695145
0.0018056,4.87443,-0.00779975
0.00180708,4.87543,-0.00813401
0.00180856,4.87561,-0.00728992
0.00181004,4.87577,-0.00746127
0.00181152,4.87577,-0.00745705
0.001813,4.87543,-0.00813401
0.00181448,4.87494,-0.00711857
0.00181596,4.87476,-0.00711857
0.00181744,4.8751,-0.00728992
0.00181892,4.87576,-0.00660875
0.0018204,4.87611,-0.00661297
0.00182188,4.87644,-0.00695145
0.00182336,4.87762,-0.0067801
0.00182484,4.87761,-0.0067801
0.00182632,4.87795,-0.00644584
0.0018278,4.87778,-0.00728992
0.00182928,4.87745,-0.00695145
0.00183076,4.87677,-0.00729415
0.00183224,4.87644,-0.00746127
0.00183372,4.8761,-0.00694722
0.0018352,4.87644,-0.00729415
0.00183668,4.87644,-0.00711857
0.00183816,4.87627,-0.00695145
0.00183964,4.87593,-0.00661297
0.00184112,4.87644,-0.00695145
0.0018426,4.87509,-0.00678432
0.00184408,4.87494,-0.00678432
0.00184556,4.87476,-0.00711857
0.00184704,4.87561,-0.00695567
0.00184852,4.87493,-0.00728992
0.00185,4.87561,-0.00728992
0.00185148,4.8756,-0.00745705
0.00185296,4.87611,-0.00678432
0.00185444,4.8756,-0.00728992
0.00185592,4.87544,-0.00729415
0.0018574,4.87443,-0.00745705
0.00185888,4.87393,-0.00728992
0.00186036,4.87409,-0.0076284
0.00186184,4.87343,-0.00745283
0.00186332,4.87376,-0.00711857
0.0018648,4.87343,-0.00695145
0.00186628,4.87308,-0.00711857
0.00186776,4.8736,-0.00695145
0.00186924,4.87325,-0.00711857
0.00187072,4.8736,-0.00678432
0.0018722,4.87342,-0.0076284
0.00187368,4.87393,-0.0071228
0.00187516,4.87342,-0.00728992
0.00187664,4.87444,-0.00711857
0.00187812,4.87443,-0.0067801
0.0018796,4.87594,-0.00678432
0.00188108,4.87543,-0.00796688
0.00188256,4.8751,-0.00728992
0.00188404,4.87493,-0.0076284
0.00188552,4.87477,-0.00678432
0.001887,4.87442,-0.0071228
0.00188848,4.8746,-0.00695567
0.00188996,4.87443,-0.0067801
0.00189144,4.8751,-0.00729415
0.00189292,4.87526,-0.00728992
0.0018944,4.87627,-0.00728992
0.00189588,4.87593,-0.0071228
0.00189736,4.87577,-0.00711857
0.00189884,4.8756,-0.0067801
0.00190032,4.87527,-0.00728992
0.0019018,4.87426,-0.0067801
0.00190328,4.8751,-0.0067801
0.00190476,4.87409,-0.00661297
0.00190624,4.87561,-0.00746127
0.00190772,4.87543,-0.00711857
0.0019092,4.87577,-0.00678432
0.00191068,4.87526,-0.0071228
0.00191216,4.87494,-0.00728992
0.00191364,4.8756,-0.00745705
0.00191512,4.87594,-0.00711857
0.0019166,4.87644,-0.00711857
0.00191808,4.87711,-0.00678432
0.00191956,4.87711,-0.00711857
0.00192104,4.87745,-0.00762418
0.00192252,4.87761,-0.00729415
0.001924,4.87762,-0.00728992
0.00192548,4.87745,-0.00695145
0.00192696,4.87711,-0.00695145
0.00192844,4.8766,-0.00711857
0.00192992,4.87711,-0.0071228
0.0019314,4.87593,-0.00728992
0.00193288,4.87661,-0.00728992
0.00193436,4.87677,-0.0071228
0.00193584,4.87761,-0.0076284
0.00193732,4.87644,-0.0076284
0.0019388,4.87745,-0.00695567
0.00194028,4.87694,-0.00728992
0.00194176,4.87694,-0.00711857
0.00194324,4.87594,-0.00678432
0.00194472,4.87577,-0.00711857
0.0019462,4.87627,-0.0067801
0.00194768,4.87611,-0.00711857
0.00194916,4.8766,-0.00711857
0.00195064,4.87627,-0.0071228
0.00195212,4.87576,-0.00711857
0.0019536,4.87694,-0.00695145
0.00195508,4.87643,-0.00728992
0.00195656,4.87627,-0.00779553
0.00195804,4.87593,-0.00745705
0.00195952,4.87627,-0.00728992
0.001961,4.87543,-0.00695145
0.00196248,4.87594,-0.00711857
0.00196396,4.8751,-0.0067801
0.00196544,4.87644,-0.0076284
0.00196692,4.87677,-0.00745283
0.0019684,4.87745,-0.00695145
0.00196988,4.87744,-0.00746127
0.00197136,4.87745,-0.00711857
0.00197284,4.87727,-0.00746127
0.00197432,4.87694,-0.00728992
0.0019758,4.87727,-0.00745705
0.00197728,4.87644,-0.00695145
0.00197876,4.87526,-0.00745705
0.00198024,4.8751,-0.00711857
0.00198172,4.8751,-0.00695145
0.0019832,4.87561,-0.0072857
0.00198468,4.8756,-0.00695145
0.00198616,4.87627,-0.0071228
0.00198764,4.87509,-0.00711857
0.00198912,4.87627,-0.00695145
0.0019906,4.8756,-0.0072857
0.00199208,4.87544,-0.0072857
0.00199356,4.8751,-0.00728992
0.00199504,4.87594,-0.00746127
0.00199652,4.87459,-0.0072857
0.001998,4.87527,-0.00711857
0.00199948,4.87493,-0.00695145
0.00200096,4.87544,-0.00746127
0.00200244,4.87476,-0.0076284
0.00200392,4.8751,-0.00728992
0.0020054,4.87376,-0.0072857
0.00200688,4.87393,-0.00695145
0.00200836,4.87392,-0.00711857
0.00200984,4.87376,-0.00695145
0.00201132,4.87392,-0.00661297
0.0020128,4.87561,-0.00796688
0.00201428,4.87577,-0.00694722
0.00201576,4.87661,-0.00695145
0.00201724,4.87627,-0.00627449
0.00201872,4.87711,-0.0076284
0.0020202,4.87727,-0.00711857
0.00202168,4.87745,-0.00728992
0.00202316,4.8761,-0.00728992
0.00202464,4.87661,-0.0076284
0.00202612,4.87677,-0.00745705
0.0020276,4.87761,-0.0076284
0.00202908,4.87794,-0.00695145
0.00203056,4.87879,-0.00695145
0.00203204,4.87878,-0.0076284
0.00203352,4.87828,-0.00695145
0.002035,4.87777,-0.00694722
0.00203648,4.87862,-0.00728992
0.00203796,4.87744,-0.0067801
0.00203944,4.87661,-0.00711857
0.00204092,4.8766,-0.00746127
0.0020424,4.87644,-0.00728992
0.00204388,4.87661,-0.00678432
0.00204536,4.87761,-0.00661297
0.00204684,4.8771,-0.00695145
0.00204832,4.87761,-0.00695145
0.0020498,4.87694,-0.00745705
0.00205128,4.87728,-0.0071228
0.00205276,4.8761,-0.00745705
0.00205424,4.87594,-0.0071228
0.00205572,4.8756,-0.00745705
0.0020572,4.87544,-0.0071228
0.00205868,4.87577,-0.00661297
0.00206016,4.87594,-0.00746127
0.00206164,4.8766,-0.00745705
0.00206312,4.87711,-0.00746127
0.0020646,4.87644,-0.00728992
0.00206608,4.87644,-0.0071228
0.00206756,4.87543,-0.0067801
0.00206904,4.87577,-0.0071228
0.00207052,4.87493,-0.00813401
0.002072,4.87561,-0.00728992
0.00207348,4.8761,-0.00695145
0.00207496,4.87728,-0.00712702
0.00207644,4.87694,-0.00745705
0.00207792,4.87812,-0.0071228
0.0020794,4.87744,-0.0076284
0.00208088,4.87761,-0.0071228
0.00208236,4.87728,-0.00678432
0.00208384,4.87695,-0.00746127
0.00208532,4.8766,-0.00728992
0.0020868,4.87627,-0.00745705
0.00208828,4.8761,-0.00728992
0.00208976,4.87594,-0.00746127
0.00209124,4.8761,-0.0072857
0.00209272,4.87711,-0.00745705
0.0020942,4.87712,-0.00711857
0.00209568,4.87795,-0.00695145
0.00209716,4.87811,-0.0071228
0.00209864,4.87762,-0.00711857
0.00210012,4.87727,-0.00711857
0.0021016,4.87661,-0.00695145
0.00210308,4.87644,-0.00678432
0.00210456,4.87611,-0.00678432
0.00210604,4.87476,-0.0071228
0.00210752,4.87611,-0.0071228
0.002109,4.87476,-0.00728992
0.00211048,4.8751,-0.00746127
0.00211196,4.8751,-0.00746127
0.00211344,4.87594,-0.00779975
0.00211492,4.87577,-0.0071228
0.0021164,4.87711,-0.00645006
0.00211788,4.87661,-0.00661297
0.00211936,4.87728,-0.00728992
0.00212084,4.87678,-0.00711857
0.00212232,4.87627,-0.0067801
0.0021238,4.8766,-0.00678432
0.00212528,4.87661,-0.0071228
0.00212676,4.87727,-0.00711857
0.00212824,4.87711,-0.00711857
0.00212972,4.87643,-0.00746127
0.0021312,4.87711,-0.00695145
0.00213268,4.87627,-0.00746127
0.00213416,4.87661,-0.0072857
0.00213564,4.87559,-0.00711857
0.00213712,4.87628,-0.00695145
0.0021386,4.87493,-0.00711857
0.00214008,4.87594,-0.00746127
0.00214156,4.8756,-0.00729415
0.00214304,4.87544,-0.00745283
0.00214452,4.87459,-0.00695567
0.002146,4.8746,-0.00745705
0.00214748,4.87543,-0.0067801
0.00214896,4.87544,-0.00745705
0.00215044,4.87493,-0.00711857
0.00215192,4.87477,-0.00695145
0.0021534,4.87442,-0.0076284
0.00215488,4.8751,-0.0071228
0.00215636,4.87392,-0.00711857
0.00215784,4.87443,-0.00746127
0.00215932,4.87426,-0.00711857
0.0021608,4.87477,-0.00695145
0.00216228,4.87409,-0.0067801
0.00216376,4.87443,-0.00728992
0.00216524,4.87359,-0.0072857
0.00216672,4.87477,-0.00728992
0.0021682,4.87409,-0.00711857
0.00216968,4.87477,-0.00746127
0.00217116,4.87426,-0.00695145
0.00217264,4.8751,-0.0076284
0.00217412,4.87543,-0.00678432
0.0021756,4.87544,-0.00729415
0.00217708,4.87543,-0.00745705
0.00217856,4.87577,-0.00728992
0.00218004,4.87476,-0.00728992
0.00218152,4.8746,-0.00711857
0.002183,4.87493,-0.00695145
0.00218448,4.87594,-0.00695145
0.00218596,4.87577,-0.00695145
0.00218744,4.87644,-0.00695145
0.00218892,4.87593,-0.00746127
0.0021904,4.87644,-0.00728992
0.00219188,4.87577,-0.00728992
0.00219336,4.87678,-0.0071228
0.00219484,4.87577,-0.00779975
0.00219632,4.87577,-0.00728992
0.0021978,4.87594,-0.00661297
0.00219928,4.8761,-0.00728992
0.00220076,4.87627,-0.00745705
0.00220224,4.87578,-0.00711857
0.00220372,4.87576,-0.00695145
0.0022052,4.87561,-0.00728992
0.00220668,4.87644,-0.00728992
0.00220816,4.87628,-0.0076284
0.00220964,4.87593,-0.0071228
0.00221112,4.87561,-0.00711857
0.0022126,4.87527,-0.00711857
0.00221408,4.87628,-0.00728992
0.00221556,4.87677,-0.00728992
0.00221704,4.87795,-0.0076284
0.00221852,4.87744,-0.00728992
0.00222,4.87745,-0.00711857
0.00222148,4.87644,-0.00762418
0.00222296,4.87661,-0.00695145
0.00222444,4.87694,-0.00745705
0.00222592,4.87694,-0.00728992
0.0022274,4.87644,-0.00711857
0.00222888,4.87627,-0.00728992
0.00223036,4.8761,-0.00762418
0.00223184,4.87661,-0.00728992
0.00223332,4.87627,-0.00678432
0.0022348,4.87594,-0.0071228
0.00223628,4.87593,-0.0071228
0.00223776,4.87494,-0.00728992
0.00223924,4.87543,-0.0076284
0.00224072,4.8751,-0.0071228
0.0022422,4.8756,-0.00695145
0.00224368,4.87594,-0.00678432
0.00224516,4.87476,-0.00728992
0.00224664,4.87561,-0.0076284
0.00224812,4.8751,-0.00728992
0.0022496,4.87594,-0.00728992
0.00225108,4.87476,-0.00728992
0.00225256,4.87594,-0.00695567
0.00225404,4.87527,-0.00728992
0.00225552,4.8751,-0.00695145
0.002257,4.87527,-0.00660875
0.00225848,4.87577,-0.0067801
0.00225996,4.87577,-0.00695145
0.00226144,4.87577,-0.00745705
0.00226292,4.87527,-0.0071228
0.0022644,4.8751,-0.00779553
0.00226588,4.8751,-0.00745705
0.00226736,4.87594,-0.0067801
0.00226884,4.87577,-0.00728992
0.00227032,4.87544,-0.00728992
0.0022718,4.87509,-0.0072857
0.00227328,4.87477,-0.00678432
0.00227476,4.87392,-0.00728992
0.00227624,4.8751,-0.00728992
0.00227772,4.87459,-0.00779975
0.0022792,4.8751,-0.00745705
0.00228068,4.87392,-0.0076284
0.00228216,4.8746,-0.0071228
0.00228364,4.87309,-0.00762418
0.00228512,4.8746,-0.00695145
0.0022866,4.87476,-0.0067801
0.00228808,4.8746,-0.00745705
0.00228956,4.87393,-0.00728992
0.00229104,4.87343,-0.00728992
0.00229252,4.87392,-0.00661297
0.002294,4.87427,-0.00729415
0.00229548,4.87459,-0.00746127
0.00229696,4.8746,-0.00711857
0.00229844,4.87376,-0.0067801
0.00229992,4.87427,-0.0076284
0.0023014,4.87376,-0.00644162
0.00230288,4.8746,-0.00661297
0.00230436,4.8751,-0.00729415
0.00230584,4.87578,-0.00695145
0.00230732,4.87526,-0.00728992
0.0023088,4.87644,-0.00711857
0.00231028,4.87661,-0.0071228
0.00231176,4.87611,-0.00695145
0.00231324,4.8761,-0.00695145
0.00231472,4.87778,-0.0071228
0.0023162,4.87761,-0.0071228
0.00231768,4.87711,-0.00695145
0.00231916,4.87761,-0.00728992
0.00232064,4.87661,-0.0076284
0.00232212,4.87711,-0.00728992
0.0023236,4.87778,-0.00694722
0.00232508,4.87761,-0.00711857
0.00232656,4.87895,-0.00729415
0.00232804,4.87828,-0.00695145
0.00232952,4.87778,-0.00746127
0.002331,4.87677,-0.00728992
0.00233248,4.87694,-0.00746127
0.00233396,4.87627,-0.00745705
0.00233544,4.87661,-0.00745705
0.00233692,4.87476,-0.00779553
0.0023384,4.8751,-0.00779975
0.00233988,4.8746,-0.00711857
0.00234136,4.87527,-0.00746127
0.00234284,4.87443,-0.0071228
0.00234432,4.87443,-0.00728992
0.0023458,4.8751,-0.00745705
0.00234728,4.87544,-0.00678432
0.00234876,4.87476,-0.00779553
0.00235024,4.87527,-0.0071228
0.00235172,4.8756,-0.00728992
0.0023532,4.87527,-0.00694722
0.00235468,4.87526,-0.00746127
0.00235616,4.87561,-0.00711857
0.00235764,4.87527,-0.00695145
0.00235912,4.87544,-0.00729415
0.0023606,4.87459,-0.00711857
0.00236208,4.8746,-0.00728992
0.00236356,4.87308,-0.00728992
0.00236504,4.87443,-0.0071228
0.00236652,4.87258,-0.00728992
0.002368,4.87393,-0.0071228
0.00236948,4.87426,-0.00711857
0.00237096,4.87477,-0.00711857
0.00237244,4.87393,-0.00661297
0.00237392,4.8751,-0.00627449
0.0023754,4.87459,-0.0071228
0.00237688,4.87443,-0.00678432
0.00237836,4.8751,-0.00745705
0.00237984,4.87427,-0.00745705
0.00238132,4.87443,-0.00711857
0.0023828,4.87443,-0.00678432
0.00238428,4.87543,-0.00695145
0.00238576,4.87711,-0.00728992
0.00238724,4.87627,-0.0071228
0.00238872,4.87728,-0.00728992
0.0023902,4.8761,-0.00728992
0.00239168,4.87711,-0.00728992
0.00239316,4.87577,-0.00729415
0.00239464,4.87544,-0.00711857
0.00239612,4.87527,-0.00711857
0.0023976,4.87477,-0.00728992
0.00239908,4.87443,-0.00695145
0.00240056,4.87611,-0.00695145
0.00240204,4.87577,-0.0071228
0.00240352,4.87678,-0.0076284
0.002405,4.87711,-0.00779975
0.00240648,4.87661,-0.0076284
0.00240796,4.87644,-0.0072857
0.00240944,4.87661,-0.0067801
0.00241092,4.87577,-0.0067801
0.0024124,4.87544,-0.00711857
0.00241388,4.8756,-0.00695145
0.00241536,4.87711,-0.0076284
0.00241684,4.87694,-0.00745705
0.00241832,4.87778,-0.00678854
0.0024198,4.87711,-0.00746127
0.00242128,4.87745,-0.0071228
0.00242276,4.87711,-0.00746127
0.00242424,4.87745,-0.00728992
0.00242572,4.87711,-0.00779975
0.0024272,4.87711,-0.00746127
0.00242868,4.87694,-0.0071228
0.00243016,4.87678,-0.00678432
0.00243164,4.87694,-0.0079711
0.00243312,4.87695,-0.00728992
0.0024346,-0.0572274,-0.00745705
0.00243608,-0.01991,-0.0076284
0.00243756,-0.0164074,-0.00779553
0.00243904,-0.0130578,-0.0076284
0.00244052,-0.0118875,-0.00779553
0.002442,-0.0118917,-0.0076284
0.00244348,-0.0108826,-0.00711857
0.00244496,-0.0093815,-0.00763262
0.00244644,-0.00786788,-0.00711857
0.00244792,-0.00720213,-0.00694722
0.0024494,-0.00552312,-0.0076284
0.00245088,-0.00518398,-0.00779553
0.00245236,-0.00518398,-0.0076284
0.00245384,-0.00485319,-0.00746127
0.00245532,-0.00451822,-0.00746127
0.0024568,-0.00468779,-0.00746127
0.00245828,-0.00468779,-0.00728992
0.00245976,-0.00586644,-0.00729415
0.00246124,-0.0055273,-0.00746127
0.00246272,-0.00586226,-0.0076284
0.0024642,-0.00518815,-0.00711857
0.00246568,-0.00552312,-0.00746127
0.00246716,-0.00502694,-0.00830536
0.00246864,-0.00569269,-0.0076284
0.00247012,-0.0050144,-0.00695145
0.0024716,-0.00502276,-0.00779975
0.00247308,-0.00367872,-0.0076284
0.00247456,-0.0035175,-0.00695145
0.00247604,-0.00317836,-0.00678432
0.00247752,-0.00318253,-0.00746127
0.002479,-0.00301296,-0.0076284
0.00248048,-0.00401786,-0.00796688
0.00248196,-0.00368289,-0.00695145
0.00248344,-0.00318253,-0.0071228
0.00248492,-0.0035175,-0.00745705
0.0024864,-0.00486154,-0.0072857
0.00248788,-0.00435701,-0.0071228
0.00248936,-0.00435283,-0.00745705
0.00249084,-0.00434865,-0.00729415
0.00249232,-0.0045224,-0.00729415
0.0024938,-0.00385247,-0.00779553
0.00249528,-0.00402204,-0.00745705
0.00249676,-0.00401786,-0.0071228
0.00249824,-0.00318671,-0.00678432
0.00249972,-0.00284339,-0.00695145
0.0025012,-0.00301296,-0.00746127
0.00250268,-0.00301296,-0.0076284
0.00250416,-0.00368289,-0.00711857
0.00250564,-0.0035175,-0.00711857
0.00250712,-0.00368289,-0.00729415
0.0025086,-0.00317836,-0.00745705
0.00251008,-0.00385247,-0.00729415
0.00251156,-0.00368289,-0.00695145
0.00251304,-0.00402204,-0.00728992
0.00251452,-0.00385247,-0.00695145
0.002516,-0.00435283,-0.00695145
0.00251748,-0.00368289,-0.0071228
0.00251896,-0.00334793,-0.00728992
0.00252044,-0.00368289,-0.00695145
0.00252192,-0.00368289,-0.00695145
0.0025234,-0.00368289,-0.0071228
0.00252488,-0.0035175,-0.00695145
0.00252636,-0.00335211,-0.0071228
0.00252784,-0.0035175,-0.00695145
0.00252932,-0.00334793,-0.00746127
0.0025308,-0.00401786,-0.0076284
0.00253228,-0.00351332,-0.00695145
0.00253376,-0.0035175,-0.00695145
0.00253524,-0.00301714,-0.00695567
0.00253672,-0.00385247,-0.00728992
0.0025382,-0.00384829,-0.00711857
0.00253968,-0.00385247,-0.0071228
0.00254116,-0.00384829,-0.00711857
0.00254264,-0.00435283,-0.00746127
0.00254412,-0.00368289,-0.00711857
0.0025456,-0.00318671,-0.00644162
0.00254708,-0.00334793,-0.00695145
0.00254856,-0.00435283,-0.00711857
0.00255004,-0.00401786,-0.00728992
0.00255152,-0.00401786,-0.00678432
0.002553,-0.00368289,-0.00762418
0.00255448,-0.00368289,-0.0067801
0.00255596,-0.00418325,-0.00695145
0.00255744,-0.00452658,-0.00746127
0.00255892,-0.00451822,-0.00745705
0.0025604,-0.00402204,-0.00728992
0.00256188,-0.00401786,-0.00694722
0.00256336,-0.00385247,-0.00779975
0.00256484,-0.00368289,-0.0072857
0.00256632,-0.00452658,-0.00678432
0.0025678,-0.00451822,-0.00779975
0.00256928,-0.00401786,-0.00796688
0.00257076,-0.00418325,-0.00728992
0.00257224,-0.00368289,-0.00746127
0.00257372,-0.0045224,-0.00711857
0.0025752,-0.00401786,-0.0076284
0.00257668,-0.00435283,-0.00661297
0.00257816,-0.00435283,-0.0076284
0.00257964,-0.00384829,-0.0071228
0.00258112,-0.00368707,-0.00695145
0.0025826,-0.00418325,-0.00661297
0.00258408,-0.00401786,-0.00728992
0.00258556,-0.00401786,-0.00711857
0.00258704,-0.00435701,-0.0067801
0.00258852,-0.00384829,-0.00746127
0.00259,-0.00418743,-0.00695145
0.00259148,-0.00435283,-0.00695145
0.00259296,-0.00418743,-0.00728992
0.00259444,-0.00384829,-0.00711857
0.00259592,-0.00418743,-0.00779553
0.0025974,-0.0035175,-0.00728992
0.00259888,-0.00401786,-0.00746127
0.00260036,-0.00334793,-0.0076284
0.00260184,-0.00385247,-0.00745705
0.00260332,-0.00418325,-0.00711857
0.0026048,-0.00401786,-0.00746127
0.00260628,-0.00402204,-0.00711857
0.00260776,-0.0045224,-0.00695567
0.00260924,-0.00435701,-0.00678432
0.00261072,-0.00468779,-0.00745705
0.0026122,-0.00385247,-0.0076284
0.00261368,-0.00435283,-0.00728992
0.00261516,-0.00384829,-0.00695145
0.00261664,-0.00451822,-0.00711857
0.00261812,-0.00418325,-0.00695145
0.0026196,-0.00435283,-0.00711857
0.00262108,-0.00418325,-0.00728992
0.00262256,-0.00485737,-0.00695145
0.00262404,-0.00418743,-0.00678432
0.00262552,-0.00451822,-0.0071228
0.002627,-0.00418743,-0.0076284
0.00262848,-0.00485737,-0.00711857
0.00262996,-0.00401786,-0.0067801
0.00263144,-0.00452658,-0.0071228
0.00263292,-0.00401786,-0.0076284
0.0026344,-0.00435701,-0.00745705
0.00263588,-0.00418325,-0.0071228
0.00263736,-0.00468779,-0.0076284
0.00263884,-0.00435283,-0.00695145
0.00264032,-0.00401786,-0.00729415
0.0026418,-0.00385247,-0.00728992
0.00264328,-0.00469197,-0.00728992
0.00264476,-0.0045224,-0.00779975
0.00264624,-0.00469197,-0.00728992
0.00264772,-0.00335211,-0.0067801
0.0026492,-0.00435701,-0.0067801
0.00265068,-0.00485737,-0.0071228
0.00265216,-0.00468779,-0.00728992
0.00265364,-0.00435283,-0.00695145
0.00265512,-0.00435283,-0.00711857
0.0026566,-0.00435701,-0.0071228
0.00265808,-0.00401786,-0.00694722
0.00265956,-0.00418743,-0.00728992
0.00266104,-0.00401786,-0.0071228
0.00266252,-0.00418743,-0.0071228
0.002664,-0.00435283,-0.00746127
0.00266548,-0.00385247,-0.00745705
0.00266696,-0.00401786,-0.00695145
0.00266844,-0.00368289,-0.00796688
0.00266992,-0.00435701,-0.0072857
0.0026714,-0.0035175,-0.00695145
0.00267288,-0.00401786,-0.00728992
0.00267436,-0.00418743,-0.00746127
0.00267584,-0.00419161,-0.00729415
0.00267732,-0.00384829,-0.0067801
0.0026788,-0.0045224,-0.0071228
0.00268028,-0.00451822,-0.00779975
0.00268176,-0.00418325,-0.00711857
0.00268324,-0.00435283,-0.00711857
0.00268472,-0.00435283,-0.00695145
0.0026862,-0.00368289,-0.00661297
0.00268768,-0.00469197,-0.00661297
0.00268916,-0.00401786,-0.00711857
0.00269064,-0.00385247,-0.00695145
0.00269212,-0.00401368,-0.00728992
0.0026936,-0.00401786,-0.00746127
0.00269508,-0.00350914,-0.0067801
0.00269656,-0.00418743,-0.00728992
0.00269804,-0.00418325,-0.0071228
0.00269952,-0.00384829,-0.00711857
0.002701,-0.00468779,-0.00728992
0.00270248,-0.0045224,-0.00729415
0.00270396,-0.00418325,-0.00796688
0.00270544,-0.00485319,-0.0076284
0.00270692,-0.00367872,-0.00728992
0.0027084,-0.00435283,-0.0071228
0.00270988,-0.00468362,-0.0072857
0.00271136,-0.00401786,-0.00746127
0.00271284,-0.00434865,-0.0071228
0.00271432,-0.00418325,-0.00695145
0.0027158,-0.00401368,-0.00728992
0.00271728,-0.00385247,-0.00728992
0.00271876,-0.00401368,-0.0071228
0.00272024,-0.0045224,-0.00695145
0.00272172,-0.00384411,-0.00661297
0.0027232,-0.00469197,-0.0071228
0.00272468,-0.00468362,-0.00711857
0.00272616,-0.00468779,-0.00678432
0.00272764,-0.00451822,-0.0071228
0.00272912,-0.00435283,-0.00728992
0.0027306,-0.00401786,-0.00695145
0.00273208,-0.00418743,-0.00728992
0.00273356,-0.00384411,-0.00711857
0.00273504,-0.00401786,-0.00711857
0.00273652,-0.00367872,-0.00745705
0.002738,-0.00418325,-0.0071228
0.00273948,-0.00385247,-0.00644584
0.00274096,-0.00435283,-0.00678432
0.00274244,-0.00384829,-0.00644162
0.00274392,-0.00402204,-0.00695145
0.0027454,-0.00435283,-0.0071228
0.00274688,-0.00418743,-0.00728992
0.00274836,-0.00384829,-0.0067801
0.00274984,-0.00468779,-0.00695145
0.00275132,-0.00451822,-0.0071228
0.0027528,-0.00502694,-0.00695145
0.00275428,-0.00435283,-0.00695145
0.00275576,-0.00468779,-0.00661297
0.00275724,-0.00435283,-0.00695145
0.00275872,-0.00468779,-0.00695567
0.0027602,-0.00451822,-0.0067801
0.00276168,-0.00451822,-0.00695145
0.00276316,-0.00402204,-0.00678432
0.00276464,-0.00485319,-0.00695145
0.00276612,-0.00384829,-0.00695145
0.0027676,-0.00401786,-0.00695145
0.00276908,-0.00418743,-0.00728992
0.00277056,-0.0045224,-0.0079711
0.00277204,-0.00468779,-0.00796688
0.00277352,-0.00468779,-0.00728992
0.002775,-0.00469197,-0.00745705
0.00277648,-0.00485319,-0.00695145
0.00277796,-0.00435283,-0.00695145
0.00277944,-0.00435283,-0.00661297
0.00278092,-0.00468779,-0.0071228
0.0027824,-0.00451822,-0.00746127
0.00278388,-0.00451822,-0.00695145
0.00278536,-0.0045224,-0.00695145
0.00278684,-0.0035175,-0.0071228
0.00278832,-0.00385247,-0.00695145
0.0027898,-0.00385247,-0.00695145
0.00279128,-0.00418743,-0.00746127
0.00279276,-0.00435283,-0.00728992
0.00279424,-0.00502694,-0.00746127
0.00279572,-0.0045224,-0.00695145
0.0027972,-0.00468779,-0.0067801
0.00279868,-0.00451822,-0.00661297
0.00280016,-0.00384829,-0.0076284
0.00280164,-0.00401786,-0.00763262
0.00280312,-0.00485737,-0.00695145
0.0028046,-0.00435283,-0.00728992
0.00280608,-0.00401786,-0.00746127
0.00280756,-0.00385247,-0.0071228
0.00280904,-0.00451822,-0.00695145
0.00281052,-0.00435701,-0.0067801
0.002812,-0.00435283,-0.0071228
0.00281348,-0.00368289,-0.00745705
0.00281496,-0.00435283,-0.00728992
0.00281644,-0.00418325,-0.00695145
0.00281792,-0.0045224,-0.00711857
0.0028194,-0.00435283,-0.0071228
0.00282088,-0.00451822,-0.00728992
0.00282236,-0.00451822,-0.0076284
0.00282384,-0.00519233,-0.00728992
0.00282532,-0.00435283,-0.00728992
0.0028268,-0.00468362,-0.00695145
0.00282828,-0.00468779,-0.00711857
0.00282976,-0.00502276,-0.00762418
0.00283124,-0.00451822,-0.00728992
0.00283272,-0.00451822,-0.00745705
0.0028342,-0.0045224,-0.00728992
0.00283568,-0.00385247,-0.00678432
0.00283716,-0.00385247,-0.00661297
0.00283864,-0.00418325,-0.00678432
0.00284012,-0.00401786,-0.0076284
0.0028416,-0.0045224,-0.00711857
0.00284308,-0.00384829,-0.00678432
0.00284456,-0.00468779,-0.00695145
0.00284604,-0.00451822,-0.00728992
0.00284752,-0.0045224,-0.00746127
0.002849,-0.00435283,-0.00695145
0.00285048,-0.00485737,-0.0071228
0.00285196,-0.00418325,-0.00695145
0.00285344,-0.00401786,-0.00728992
0.00285492,-0.00451822,-0.0072857
0.0028564,-0.00451404,-0.00695145
0.00285788,-0.00401786,-0.00745705
0.00285936,-0.0035175,-0.0076284
0.00286084,-0.00435283,-0.0076284
0.00286232,-0.00435283,-0.0071228
0.0028638,-0.00418325,-0.00711857
0.00286528,-0.00418743,-0.00746127
0.00286676,-0.00384829,-0.00694722
0.00286824,-0.00418325,-0.00695145
0.00286972,-0.00434865,-0.00711857
0.0028712,-0.00502694,-0.00728992
0.00287268,-0.00435283,-0.00711857
0.00287416,-0.00518815,-0.0067801
0.00287564,-0.00418325,-0.00711857
0.00287712,-0.00485319,-0.0071228
0.0028786,-0.00418325,-0.00695145
0.00288008,-0.0045224,-0.00728992
0.00288156,-0.00435283,-0.00711857
0.00288304,-0.00451822,-0.0071228
0.00288452,-0.00418325,-0.00746127
0.002886,-0.00435283,-0.00694722
0.00288748,-0.00519233,-0.0076284
0.00288896,-0.00384829,-0.0067801
0.00289044,-0.00418325,-0.00711857
0.00289192,-0.00401786,-0.0071228
0.0028934,-0.00435283,-0.00695145
0.00289488,-0.00502276,-0.00712702
