time,trig,echo
-0.000328338,-0.0167751,-0.00879288
-0.000325818,-0.0204544,-0.00879288
-0.000323298,-0.0167751,-0.00879288
-0.000320778,-0.0241336,-0.00507423
-0.000318258,-0.0167751,-0.0125115
-0.000315738,-0.0204544,-0.00135558
-0.000313218,-0.0167751,-0.00507423
-0.000310698,-0.0204544,-0.00879288
-0.000308178,-0.0167751,-0.00879288
-0.000305658,-0.0130959,-0.00507423
-0.000303138,-0.0167751,-0.00879288
-0.000300618,-0.0204544,-0.00507423
-0.000298098,-0.0204544,-0.00879288
-0.000295578,-0.0130959,-0.00507423
-0.000293058,-0.0204544,-0.00507423
-0.000290538,-0.0204544,-0.00135558
-0.000288018,-0.0204544,-0.00879288
-0.000285498,-0.0167751,-0.00879288
-0.000282978,-0.0167751,-0.00879288
-0.000280458,-0.0241336,-0.00135558
-0.000277938,-0.0167751,-0.00507423
-0.000275418,-0.0204544,-0.00135558
-0.000272898,-0.0167751,-0.00879288
-0.000270378,-0.0204544,-0.00507423
-0.000267858,-0.0204544,-0.0125115
-0.000265338,-0.0167751,-0.00507423
-0.000262818,-0.0204544,0.00236307
-0.000260298,-0.0130959,-0.00507423
-0.000257778,-0.0204544,-0.00507423
-0.000255258,-0.0241336,-0.00879288
-0.000252738,-0.0167751,-0.00879288
-0.000250218,-0.0204544,-0.0125115
-0.000247698,-0.0241336,-0.00135558
-0.000245178,-0.0167751,-0.00507423
-0.000242658,-0.0204544,-0.0125115
-0.000240138,-0.0204544,-0.00507423
-0.000237618,-0.0204544,-0.00507423
-0.000235098,-0.0241336,-0.00135558
-0.000232578,-0.0241336,-0.00507423
-0.000230058,-0.0130959,-0.00135558
-0.000227538,-0.0130959,-0.00879288
-0.000225018,-0.0167751,-0.00879288
-0.000222498,-0.0167751,-0.00507423
-0.000219978,-0.0130959,-0.00507423
-0.000217458,-0.0204544,-0.00135558
-0.000214938,-0.0167751,-0.00507423
-0.000212418,-0.0204544,-0.00507423
-0.000209898,-0.0130959,-0.00879288
-0.000207378,-0.0167751,-0.00507423
-0.000204858,-0.0204544,-0.00507423
-0.000202338,-0.0204544,-0.0125115
-0.000199818,-0.0204544,-0.00879288
-0.000197298,-0.0167751,-0.00507423
-0.000194778,-0.0204544,-0.00135558
-0.000192258,-0.0167751,-0.00507423
-0.000189738,-0.0204544,-0.00507423
-0.000187218,-0.0167751,-0.00879288
-0.000184698,-0.0130959,-0.00507423
-0.000182178,-0.0204544,-0.00879288
-0.000179658,-0.0204544,-0.00135558
-0.000177138,-0.0204544,-0.00507423
-0.000174618,-0.0241336,-0.00879288
-0.000172098,-0.0167751,-0.00507423
-0.000169578,-0.0204544,-0.00507423
-0.000167058,-0.0167751,-0.00507423
-0.000164538,-0.0167751,0.00236307
-0.000162018,-0.0204544,-0.00879288
-0.000159498,-0.0241336,-0.00879288
-0.000156978,-0.0130959,-0.00879288
-0.000154458,-0.0167751,-0.00879288
-0.000151938,-0.0167751,-0.00135558
-0.000149418,-0.0204544,-0.00507423
-0.000146898,-0.0130959,-0.00507423
-0.000144378,-0.0204544,-0.00879288
-0.000141858,-0.0130959,-0.00507423
-0.000139338,-0.0167751,-0.00879288
-0.000136818,-0.0167751,-0.0125115
-0.000134298,-0.0204544,-0.00135558
-0.000131778,-0.0204544,-0.00507423
-0.000129258,-0.0241336,-0.0125115
-0.000126738,-0.0241336,-0.00507423
-0.000124218,-0.0204544,-0.00879288
-0.000121698,-0.0204544,0.00236307
-0.000119178,-0.0204544,-0.00135558
-0.000116658,-0.0130959,0.00236307
-0.000114138,-0.0167751,-0.00507423
-0.000111618,-0.0167751,-0.00879288
-0.000109098,-0.0204544,-0.00135558
-0.000106578,-0.0204544,-0.00879288
-0.000104058,-0.0241336,-0.00507423
-0.000101538,-0.0167751,-0.00507423
-9.90176e-05,-0.0167751,-0.00507423
-9.64976e-05,-0.0167751,-0.00135558
-9.39776e-05,-0.0167751,-0.00879288
-9.14576e-05,-0.0167751,-0.00507423
-8.89376e-05,-0.0167751,-0.0125115
-8.64176e-05,-0.0167751,-0.00879288
-8.38976e-05,-0.0130959,-0.00507423
-8.13776e-05,-0.0167751,-0.00879288
-7.88576e-05,-0.0167751,-0.00879288
-7.63376e-05,-0.0167751,-0.00135558
-7.38176e-05,-0.0204544,-0.00879288
-7.12976e-05,-0.0241336,-0.00879288
-6.87776e-05,-0.0278129,-0.00135558
-6.62576e-05,-0.0167751,-0.00879288
-6.37376e-05,-0.0130959,-0.00507423
-6.12176e-05,-0.0204544,-0.00507423
-5.86976e-05,-0.0167751,-0.00879288
-5.61776e-05,-0.0167751,-0.00507423
-5.36576e-05,-0.0204544,-0.00879288
-5.11376e-05,-0.0241336,-0.00507423
-4.86176e-05,-0.0167751,-0.0162302
-4.60976e-05,-0.0204544,-0.0125115
-4.35776e-05,-0.0167751,-0.00135558
-4.10576e-05,-0.0130959,-0.00507423
-3.85376e-05,-0.0204544,-0.00879288
-3.60176e-05,-0.0204544,-0.00507423
-3.34976e-05,-0.0204544,-0.00879288
-3.09776e-05,-0.0167751,-0.00135558
-2.84576e-05,-0.0167751,-0.00879288
-2.59376e-05,-0.0167751,-0.00879288
-2.34176e-05,-0.0167751,-0.00879288
-2.08976e-05,-0.0167751,-0.00507423
-1.83776e-05,-0.00941663,-0.00879288
-1.58576e-05,-0.0167751,-0.00879288
-1.33376e-05,-0.0204544,-0.00507423
-1.08176e-05,-0.0241336,-0.00135558
-8.2976e-06,-0.0167751,-0.00135558
-5.7776e-06,-0.0167751,-0.00879288
-3.2576e-06,-0.0204544,-0.00507423
-7.37603e-07,-0.0167751,-0.00879288
1.7824e-06,4.85456,-0.00135558
4.3024e-06,4.84352,-0.00507423
6.8224e-06,4.83984,0.00236307
9.3424e-06,4.85456,-0.00135558
1.18624e-05,4.85823,0.00236307
1.43824e-05,-0.00573738,-0.00507423
1.69024e-05,0.00897963,-0.00879288
1.94224e-05,-0.00205812,-0.0125115
2.19424e-05,-0.00573738,-0.00507423
2.44624e-05,-0.0167751,-0.00507423
2.69824e-05,-0.0130959,-0.00507423
2.95024e-05,-0.0204544,-0.0125115
3.20224e-05,-0.0278129,-0.00879288
3.45424e-05,-0.0204544,-0.00507423
3.70624e-05,-0.0241336,-0.00879288
3.95824e-05,-0.0278129,-0.00507423
4.21024e-05,-0.0241336,-0.00879288
4.46224e-05,-0.0314921,-0.00135558
4.71424e-05,-0.0314921,-0.00507423
4.96624e-05,-0.0278129,-0.00879288
5.21824e-05,-0.0314921,-0.00507423
5.47024e-05,-0.0314921,-0.00507423
5.72224e-05,-0.0314921,-0.00507423
5.97424e-05,-0.0241336,-0.00507423
6.22624e-05,-0.0314921,-0.00879288
6.47824e-05,-0.0278129,-0.00879288
6.73024e-05,-0.0241336,-0.00507423
6.98224e-05,-0.0278129,-0.00879288
7.23424e-05,-0.0278129,-0.00879288
7.48624e-05,-0.0278129,-0.00135558
7.73824e-05,-0.0241336,-0.00507423
7.99024e-05,-0.0241336,-0.00135558
8.24224e-05,-0.0241336,-0.00135558
8.49424e-05,-0.0204544,-0.00135558
8.74624e-05,-0.0204544,-0.00507423
8.99824e-05,-0.0241336,-0.00135558
9.25024e-05,-0.0241336,-0.00507423
9.50224e-05,-0.0241336,-0.00879288
9.75424e-05,-0.0241336,-0.00507423
0.000100062,-0.0241336,-0.00507423
0.000102582,-0.0167751,-0.00507423
0.000105102,-0.0204544,-0.00507423
0.000107622,-0.0204544,-0.00507423
0.000110142,-0.0278129,-0.00507423
0.000112662,-0.0241336,0.00236307
0.000115182,-0.0204544,-0.00507423
0.000117702,-0.0204544,-0.00507423
0.000120222,-0.0167751,-0.00135558
0.000122742,-0.0204544,-0.00507423
0.000125262,-0.0241336,-0.00507423
0.000127782,-0.0241336,-0.00135558
0.000130302,-0.0204544,-0.00879288
0.000132822,-0.0241336,-0.00879288
0.000135342,-0.0130959,-0.00879288
0.000137862,-0.0130959,-0.00507423
0.000140382,-0.0167751,-0.00879288
0.000142902,-0.0241336,-0.00879288
0.000145422,-0.0167751,-0.00135558
0.000147942,-0.0204544,-0.00879288
0.000150462,-0.0204544,-0.00879288
0.000152982,-0.0130959,-0.00879288
0.000155502,-0.0167751,-0.00135558
0.000158022,-0.0167751,-0.0125115
0.000160542,-0.0167751,-0.00879288
0.000163062,-0.0204544,-0.00507423
0.000165582,-0.0204544,-0.00135558
0.000168102,-0.0204544,-0.00879288
0.000170622,-0.0204544,-0.00507423
0.000173142,-0.0204544,-0.00135558
0.000175662,-0.0167751,-0.00879288
0.000178182,-0.0167751,-0.00135558
0.000180702,-0.0204544,-0.00507423
0.000183222,-0.0204544,-0.00879288
0.000185742,-0.0167751,-0.00879288
0.000188262,-0.0241336,-0.00135558
0.000190782,-0.0204544,-0.00135558
0.000193302,-0.0204544,-0.00507423
0.000195822,-0.0130959,-0.00507423
0.000198342,-0.0167751,-0.00879288
0.000200862,-0.0204544,-0.00507423
0.000203382,-0.0130959,-0.00879288
0.000205902,-0.0204544,-0.00879288
0.000208422,-0.0167751,-0.00507423
0.000210942,-0.0167751,-0.00135558
0.000213462,-0.0167751,-0.00879288
0.000215982,-0.0241336,-0.00135558
0.000218502,-0.0241336,-0.00507423
0.000221022,-0.0167751,-0.00135558
0.000223542,-0.0167751,-0.00879288
0.000226062,-0.0130959,-0.00507423
0.000228582,-0.0167751,-0.00507423
0.000231102,-0.0204544,-0.0125115
0.000233622,-0.0278129,0.00236307
0.000236142,-0.0241336,-0.00879288
0.000238662,-0.0204544,-0.00507423
0.000241182,-0.0130959,-0.00507423
0.000243702,-0.0167751,-0.00879288
0.000246222,-0.0167751,-0.00507423
0.000248742,-0.0204544,0.00236307
0.000251262,-0.0204544,-0.00507423
0.000253782,-0.0204544,-0.00135558
0.000256302,-0.0167751,-0.00507423
0.000258822,-0.0167751,-0.00135558
0.000261342,-0.0204544,-0.00507423
0.000263862,-0.0167751,-0.00507423
0.000266382,-0.0130959,-0.00879288
0.000268902,-0.0130959,-0.00135558
0.000271422,-0.0204544,-0.00507423
0.000273942,-0.0167751,-0.00507423
0.000276462,-0.0167751,-0.00879288
0.000278982,-0.0167751,-0.00879288
0.000281502,-0.0204544,-0.00879288
0.000284022,-0.0167751,-0.00507423
0.000286542,-0.0167751,-0.00879288
0.000289062,-0.0204544,-0.00507423
0.000291582,-0.0204544,-0.00507423
0.000294102,-0.0167751,-0.00507423
0.000296622,-0.0204544,-0.00507423
0.000299142,-0.0167751,-0.00135558
0.000301662,-0.0167751,-0.00135558
0.000304182,-0.00941663,-0.00135558
0.000306702,-0.0241336,-0.00135558
0.000309222,-0.0204544,-0.00507423
0.000311742,-0.0130959,-0.0125115
0.000314262,-0.0167751,-0.00507423
0.000316782,-0.0167751,-0.00507423
0.000319302,-0.0204544,-0.00507423
0.000321822,-0.0167751,-0.00135558
0.000324342,-0.0167751,-0.00507423
0.000326862,-0.0204544,-0.00507423
0.000329382,-0.0167751,-0.00507423
0.000331902,-0.0167751,-0.00507423
0.000334422,-0.0204544,-0.00135558
0.000336942,-0.0167751,-0.00507423
0.000339462,-0.0167751,-0.00507423
0.000341982,-0.0167751,-0.00879288
0.000344502,-0.0167751,-0.00507423
0.000347022,-0.0167751,-0.00879288
0.000349542,-0.0167751,-0.00135558
0.000352062,-0.0130959,-0.00507423
0.000354582,-0.0241336,-0.00507423
0.000357102,-0.0241336,-0.00135558
0.000359622,-0.0241336,-0.00507423
0.000362142,-0.0167751,-0.00135558
0.000364662,-0.0204544,-0.00135558
0.000367182,-0.0167751,-0.00135558
0.000369702,-0.0167751,0.00236307
0.000372222,-0.0204544,-0.00135558
0.000374742,-0.0204544,-0.00135558
0.000377262,-0.0204544,0.00980037
0.000379782,-0.0204544,-0.00507423
0.000382302,-0.0204544,-0.00507423
0.000384822,-0.0167751,-0.00507423
0.000387342,-0.0204544,-0.00135558
0.000389862,-0.0204544,-0.00879288
0.000392382,-0.0204544,-0.00507423
0.000394902,-0.0204544,0.00236307
0.000397422,-0.0167751,-0.00135558
0.000399942,-0.0241336,0.00236307
0.000402462,-0.0167751,-0.00135558
0.000404982,-0.0167751,-0.00135558
0.000407502,-0.0241336,-0.00135558
0.000410022,-0.0204544,-0.00135558
0.000412542,-0.0241336,-0.00879288
0.000415062,-0.0278129,-0.00507423
0.000417582,-0.0204544,0.00236307
0.000420102,-0.0204544,-0.00879288
0.000422622,-0.0204544,-0.00135558
0.000425142,-0.0204544,-0.00135558
0.000427662,-0.0204544,0.00236307
0.000430182,-0.0204544,-0.00135558
0.000432702,-0.0204544,-0.00135558
0.000435222,-0.0204544,-0.00507423
0.000437742,-0.0167751,-0.00135558
0.000440262,-0.0204544,0.00236307
0.000442782,-0.0204544,-0.00507423
0.000445302,-0.0204544,0.00236307
0.000447822,-0.0167751,-0.00135558
0.000450342,-0.0167751,-0.00135558
0.000452862,-0.0130959,-0.00135558
0.000455382,-0.0204544,-0.00135558
0.000457902,-0.0130959,0.00236307
0.000460422,-0.0204544,0.0395496
0.000462942,-0.0241336,0.113923
0.000465462,-0.0167751,0.17714
0.000467982,-0.0204544,0.236638
0.000470502,-0.0204544,0.292418
0.000473022,-0.0167751,0.351916
0.000475542,-0.0204544,0.407696
0.000478062,-0.0167751,0.467194
0.000480582,-0.0167751,0.511818
0.000483102,-0.0167751,0.571317
0.000485622,-0.0167751,0.619659
0.000488142,-0.0130959,0.660564
0.000490662,-0.0167751,0.712625
0.000493182,-0.0167751,0.764686
0.000495702,-0.0167751,0.820466
0.000498222,-0.0130959,0.861371
0.000500742,-0.0204544,0.894839
0.000503262,-0.0204544,0.950619
0.000505782,-0.00941663,0.991524
0.000508302,-0.0167751,1.04359
0.000510822,-0.0167751,1.08821
0.000513342,-0.0204544,1.13655
0.000515862,-0.0167751,1.17746
0.000518382,-0.0204544,1.22208
0.000520902,-0.0204544,1.2667
0.000523422,-0.0204544,1.30761
0.000525942,-0.0204544,1.34851
0.000528462,-0.0204544,1.39314
0.000530982,-0.0167751,1.43404
0.000533502,-0.0167751,1.47867
0.000536022,-0.0204544,1.51957
0.000538542,-0.0204544,1.56048
0.000541062,-0.0167751,1.60138
0.000543582,-0.0278129,1.64229
0.000546102,-0.0204544,1.69063
0.000548622,-0.0167751,1.72782
0.000551142,-0.0167751,1.76872
0.000553662,-0.0204544,1.80963
0.000556182,-0.0167751,1.84681
0.000558702,-0.0167751,1.88772
0.000561222,-0.0167751,1.92862
0.000563742,-0.0130959,1.96953
0.000566262,-0.0167751,2.01415
0.000568782,-0.0204544,2.04762
0.000571302,-0.0130959,2.08481
0.000573822,-0.0167751,2.12199
0.000576342,-0.0167751,2.1629
0.000578862,-0.0204544,2.20752
0.000581382,-0.0241336,2.24099
0.000583902,-0.0204544,2.27818
0.000586422,-0.0167751,2.31536
0.000588942,-0.0167751,2.35999
0.000591462,-0.0167751,2.38974
0.000593982,-0.0241336,2.42692
0.000596502,-0.0167751,2.46039
0.000599022,-0.0167751,2.5013
0.000601542,-0.0167751,2.53848
0.000604062,-0.0204544,2.57939
0.000606582,-0.0167751,2.60914
0.000609102,-0.0204544,2.63889
0.000611622,-0.0241336,2.67979
0.000614142,-0.0204544,2.70954
0.000616662,-0.0167751,2.74673
0.000619182,-0.0204544,2.78391
0.000621702,-0.0167751,2.8211
0.000624222,-0.0167751,2.84713
0.000626742,-0.0204544,2.88804
0.000629262,-0.0204544,2.91779
0.000631782,-0.0167751,2.94753
0.000634302,-0.0167751,2.98472
0.000636822,-0.0241336,3.01447
0.000639342,-0.0167751,3.04422
0.000641862,-0.0204544,3.07769
0.000644382,-0.0204544,3.10744
0.000646902,-0.0167751,3.13719
0.000649422,-0.0167751,3.16693
0.000651942,-0.0204544,3.19297
0.000654462,-0.0204544,3.22643
0.000656982,-0.0167751,3.25618
0.000659502,-0.0167751,3.28221
0.000662022,-0.0167751,3.30824
0.000664542,-0.0167751,3.34171
0.000667062,-0.0167751,3.37146
0.000669582,-0.0167751,3.39749
0.000672102,-0.0204544,3.42352
0.000674622,-0.0204544,3.45327
0.000677142,-0.0167751,3.4793
0.000679662,-0.0167751,3.50161
0.000682182,-0.0167751,3.53136
0.000684702,-0.0204544,3.55367
0.000687222,-0.0167751,3.57971
0.000689742,-0.0204544,3.5983
0.000692262,-0.0167751,3.62805
0.000694782,-0.0167751,3.65036
0.000697302,-0.0204544,3.67639
0.000699822,-0.0167751,3.69498
0.000702342,-0.0204544,3.70986
0.000704862,-0.0167751,3.74333
0.000707382,-0.0167751,3.7582
0.000709902,-0.0204544,3.78423
0.000712422,-0.0167751,3.81026
0.000714942,-0.0130959,3.82142
0.000717462,-0.0130959,3.84373
0.000719982,-0.0167751,3.86604
0.000722502,-0.0167751,3.89207
0.000725022,-0.0167751,3.90323
0.000727542,-0.0204544,3.9181
0.000730062,-0.0130959,3.94413
0.000732582,-0.0130959,3.95901
0.000735102,-0.0167751,3.98132
0.000737622,-0.0167751,3.99991
0.000740142,-0.0204544,4.01479
0.000742662,-0.0167751,4.03338
0.000745182,-0.0167751,4.04454
0.000747702,-0.0204544,4.06685
0.000750222,-0.0278129,4.078
0.000752742,-0.0167751,4.09288
0.000755262,-0.0167751,4.10775
0.000757782,-0.0167751,4.13007
0.000760302,-0.0204544,4.1375
0.000762822,-0.0204544,4.1561
0.000765342,-0.0204544,4.17097
0.000767862,-0.0167751,4.18585
0.000770382,-0.0241336,4.197
0.000772902,-0.0204544,4.20816
0.000775422,-0.0204544,4.22303
0.000777942,-0.0167751,4.23419
0.000780462,-0.00941663,4.24906
0.000782982,-0.0130959,4.26022
0.000785502,-0.0241336,4.27137
0.000788022,-0.0204544,4.28997
0.000790542,-0.0204544,4.29369
0.000793062,-0.0204544,4.31228
0.000795582,-0.0204544,4.32344
0.000798102,-0.0130959,4.32715
0.000800622,-0.0241336,4.33831
0.000803142,-0.0167751,4.35318
0.000805662,-0.0204544,4.36062
0.000808182,-0.0204544,4.36806
0.000810702,-0.0130959,4.38293
0.000813222,-0.0204544,4.39037
0.000815742,-0.0241336,4.40153
0.000818262,-0.0241336,4.40896
0.000820782,-0.0167751,4.42012
0.000823302,-0.0241336,4.4164
0.000825822,-0.0204544,4.43499
0.000828342,-0.0204544,4.44243
0.000830862,-0.0204544,4.45359
0.000833382,-0.0204544,4.46474
0.000835902,-0.0167751,4.46846
0.000838422,-0.0204544,4.47962
0.000840942,-0.0241336,4.49449
0.000843462,-0.0204544,4.49077
0.000845982,-0.0278129,4.50193
0.000848502,-0.0204544,4.50193
0.000851022,-0.0204544,4.51681
0.000853542,-0.0204544,4.52052
0.000856062,-0.0204544,4.52796
0.000858582,-0.0204544,4.53912
0.000861102,-0.0204544,4.5354
0.000863622,-0.0204544,4.54655
0.000866142,-0.0167751,4.55399
0.000868662,-0.0241336,4.55771
0.000871182,-0.0241336,4.56515
0.000873702,-0.0204544,4.57258
0.000876222,-0.0167751,4.57258
0.000878742,-0.0204544,4.58374
0.000881262,-0.0167751,4.58374
0.000883782,-0.0204544,4.5949
0.000886302,-0.0204544,4.5949
0.000888822,-0.0204544,4.59862
0.000891342,-0.0204544,4.60233
0.000893862,-0.0204544,4.60977
0.000896382,-0.0204544,4.60977
0.000898902,-0.0204544,4.61721
0.000901422,-0.0241336,4.62093
0.000903942,-0.0130959,4.62836
0.000906462,-0.0278129,4.63208
0.000908982,-0.0130959,4.62836
0.000911502,-0.0241336,4.6358
0.000914022,-0.0167751,4.6358
0.000916542,-0.0204544,4.64696
0.000919062,-0.0204544,4.6544
0.000921582,-0.0204544,4.6544
0.000924102,-0.0167751,4.65811
0.000926622,-0.0167751,4.66183
0.000929142,-0.0204544,4.66183
0.000931662,-0.0204544,4.66183
0.000934182,-0.0167751,4.66555
0.000936702,-0.0130959,4.67299
0.000939222,-0.0130959,4.67299
0.000941742,-0.0204544,4.67671
0.000944262,-0.0167751,4.68414
0.000946782,-0.0167751,4.68786
0.000949302,-0.0204544,4.69158
0.000951822,-0.0167751,4.68786
0.000954342,-0.0241336,4.68786
0.000956862,-0.0167751,4.69158
0.000959382,-0.0167751,4.69902
0.000961902,-0.0204544,4.6953
0.000964422,-0.0241336,4.69902
0.000966942,-0.0167751,4.70274
0.000969462,-0.0204544,4.70646
0.000971982,-0.0241336,4.70646
0.000974502,-0.0204544,4.70646
0.000977022,-0.0130959,4.71389
0.000979542,-0.0167751,4.71761
0.000982062,-0.0204544,4.71761
0.000984582,-0.0167751,4.72133
0.000987102,-0.0204544,4.72133
0.000989622,-0.0241336,4.72133
0.000992142,-0.0204544,4.72505
0.000994662,-0.0204544,4.72133
0.000997182,-0.0241336,4.73249
0.000999702,-0.0204544,4.72877
0.00100222,-0.0204544,4.73249
0.00100474,-0.0167751,4.73249
0.00100726,-0.0204544,4.73621
0.00100978,-0.0204544,4.73992
0.0010123,-0.0204544,4.73249
0.00101482,-0.0130959,4.73992
0.00101734,-0.0204544,4.74736
0.00101986,-0.0204544,4.73992
0.00102238,-0.0167751,4.74736
0.0010249,-0.0204544,4.74736
0.00102742,-0.0204544,4.74736
0.00102994,-0.0167751,4.73621
0.00103246,-0.0167751,4.74364
0.00103498,-0.0167751,4.74736
0.0010375,-0.0204544,4.75108
0.00104002,-0.0167751,4.75108
0.00104254,-0.0167751,4.7548
0.00104506,-0.0204544,4.7548
0.00104758,-0.0167751,4.75852
0.0010501,-0.0204544,4.75852
0.00105262,-0.0167751,4.75852
0.00105514,-0.0241336,4.75852
0.00105766,-0.0167751,4.76224
0.00106018,-0.0204544,4.76595
0.0010627,-0.0167751,4.76595
0.00106522,-0.0204544,4.75852
0.00106774,-0.0204544,4.76595
0.00107026,-0.0204544,4.76595
0.00107278,-0.0204544,4.77339
0.0010753,-0.0130959,4.76967
0.00107782,-0.0167751,4.77339
0.00108034,-0.0241336,4.77339
0.00108286,-0.0204544,4.76967
0.00108538,-0.0204544,4.77339
0.0010879,-0.0204544,4.77339
0.00109042,-0.0204544,4.76595
0.00109294,-0.0167751,4.78083
0.00109546,-0.0130959,4.77339
0.00109798,-0.0167751,4.76967
0.0011005,-0.0130959,4.77711
0.00110302,-0.0204544,4.77339
0.00110554,-0.0204544,4.77711
0.00110806,-0.0204544,4.78083
0.00111058,-0.0204544,4.77339
0.0011131,-0.0167751,4.77711
0.00111562,-0.0204544,4.78083
0.00111814,-0.0204544,4.78083
0.00112066,-0.0204544,4.78083
0.00112318,-0.0204544,4.78455
0.0011257,-0.0204544,4.77339
0.00112822,-0.0167751,4.78083
0.00113074,-0.0204544,4.77711
0.00113326,-0.0241336,4.78455
0.00113578,-0.0130959,4.78827
0.0011383,-0.0204544,4.78455
0.00114082,-0.0204544,4.78083
0.00114334,-0.0204544,4.78827
0.00114586,-0.0241336,4.78455
0.00114838,-0.0241336,4.79199
0.0011509,-0.0204544,4.78827
0.00115342,-0.0204544,4.78455
0.00115594,-0.0204544,4.78827
0.00115846,-0.0241336,4.79199
0.00116098,-0.0241336,4.78083
0.0011635,-0.0241336,4.78827
0.00116602,-0.0204544,4.78455
0.00116854,-0.0204544,4.79199
0.00117106,-0.0204544,4.7957
0.00117358,-0.0241336,4.78455
0.0011761,-0.0204544,4.7957
0.00117862,-0.0204544,4.7957
0.00118114,-0.0167751,4.78827
0.00118366,-0.0241336,4.78827
0.00118618,-0.0204544,4.7957
0.0011887,-0.0204544,4.78827
0.00119122,-0.0241336,4.7957
0.00119374,-0.0204544,4.7957
0.00119626,-0.0241336,4.79199
0.00119878,-0.0167751,4.7957
0.0012013,-0.0204544,4.79199
0.00120382,-0.0204544,4.79199
0.00120634,-0.0204544,4.79199
0.00120886,-0.0167751,4.7957
0.00121138,-0.0241336,4.7957
0.0012139,-0.0204544,4.80314
0.00121642,-0.0167751,4.7957
0.00121894,-0.0241336,4.79942
0.00122146,-0.0167751,4.79942
0.00122398,-0.0241336,4.7957
0.0012265,-0.0130959,4.7957
0.00122902,-0.0204544,4.79942
0.00123154,-0.0204544,4.79942
0.00123406,-0.0167751,4.80314
0.00123658,-0.0204544,4.7957
0.0012391,-0.0204544,4.7957
0.00124162,-0.0241336,4.7957
0.00124414,-0.0167751,4.79942
0.00124666,-0.0204544,4.79199
0.00124918,-0.0204544,4.79942
0.0012517,-0.0204544,4.7957
0.00125422,-0.0204544,4.7957
0.00125674,-0.0204544,4.79942
0.00125926,-0.0167751,4.80314
0.00126178,-0.0241336,4.7957
0.0012643,-0.0204544,4.7957
0.00126682,-0.0241336,4.79942
0.00126934,-0.0241336,4.80314
0.00127186,-0.0241336,4.7957
0.00127438,-0.0130959,4.79942
0.0012769,-0.0204544,4.80314
0.00127942,-0.0241336,4.80686
0.00128194,-0.0167751,4.79942
0.00128446,-0.0204544,4.80314
0.00128698,-0.0204544,4.80314
0.0012895,-0.0204544,4.80314
0.00129202,-0.0130959,4.79942
0.00129454,-0.0204544,4.80314
0.00129706,-0.0204544,4.79942
0.00129958,-0.0204544,4.80314
0.0013021,-0.0204544,4.79942
0.00130462,-0.0204544,4.79942
0.00130714,-0.0278129,4.80314
0.00130966,-0.0241336,4.80686
0.00131218,-0.0204544,4.80314
0.0013147,-0.0204544,4.80686
0.00131722,-0.0204544,4.80686
0.00131974,-0.0204544,4.80314
0.00132226,-0.0167751,4.80314
0.00132478,-0.0204544,4.80314
0.0013273,-0.0204544,4.79942
0.00132982,-0.0241336,4.79942
0.00133234,-0.0167751,4.80314
0.00133486,-0.0167751,4.80314
0.00133738,-0.0241336,4.79942
0.0013399,-0.0167751,4.79942
0.00134242,-0.0204544,4.80686
0.00134494,-0.0204544,4.80314
0.00134746,-0.0167751,4.80314
0.00134998,-0.0204544,4.80314
0.0013525,-0.0204544,4.80686
0.00135502,-0.0204544,4.80314
0.00135754,-0.0204544,4.79942
0.00136006,-0.0204544,4.79942
0.00136258,-0.0204544,4.80686
0.0013651,-0.0167751,4.80686
0.00136762,-0.0130959,4.80686
0.00137014,-0.0204544,4.80314
0.00137266,-0.0167751,4.80314
0.00137518,-0.0241336,4.80314
0.0013777,-0.0204544,4.80686
0.00138022,-0.0204544,4.81058
0.00138274,-0.0204544,4.80314
0.00138526,-0.0167751,4.81058
0.00138778,-0.0204544,4.8143
0.0013903,-0.0167751,4.80686
0.00139282,-0.0204544,4.80314
0.00139534,-0.0167751,4.80314
0.00139786,-0.0167751,4.80686
0.00140038,-0.0204544,4.80686
0.0014029,-0.0204544,4.80314
0.00140542,-0.0167751,4.80686
0.00140794,-0.0204544,4.81058
0.00141046,-0.0167751,4.80686
0.00141298,-0.0241336,4.80686
0.0014155,-0.0204544,4.81058
0.00141802,-0.0204544,4.80686
0.00142054,-0.0167751,4.80686
0.00142306,-0.0204544,4.80314
0.00142558,-0.0167751,4.80686
0.0014281,-0.0130959,4.80686
0.00143062,-0.0167751,4.80314
0.00143314,-0.0204544,4.80314
0.00143566,-0.0204544,4.80314
0.00143818,-0.0241336,4.81058
0.0014407,-0.0204544,4.80314
0.00144322,-0.0241336,4.80686
0.00144574,-0.0241336,4.80686
0.00144826,-0.0204544,4.80686
0.00145078,-0.0204544,4.80314
0.0014533,-0.0204544,4.80686
0.00145582,-0.0204544,4.80686
0.00145834,-0.0204544,4.80686
0.00146086,-0.0241336,4.80686
0.00146338,-0.0204544,4.80686
0.0014659,-0.0204544,4.80686
0.00146842,-0.0130959,4.80686
0.00147094,-0.0278129,4.81058
0.00147346,-0.0204544,4.80314
0.00147598,-0.0241336,4.80314
0.0014785,-0.0167751,4.81058
0.00148102,-0.0241336,4.81058
0.00148354,-0.0204544,4.80686
0.00148606,-0.0241336,4.80314
0.00148858,-0.0204544,4.8143
0.0014911,-0.0241336,4.80686
0.00149362,-0.0204544,4.80314
0.00149614,-0.0167751,4.80686
0.00149866,-0.0241336,4.81058
0.00150118,-0.0167751,4.81058
0.0015037,-0.0167751,4.80686
0.00150622,-0.0278129,4.81058
0.00150874,-0.0204544,4.81058
0.00151126,-0.0130959,4.79942
0.00151378,-0.0167751,4.80686
0.0015163,-0.0278129,4.80314
0.00151882,-0.0204544,4.81058
0.00152134,-0.0204544,4.80314
0.00152386,-0.0204544,4.81058
0.00152638,-0.0204544,4.8143
0.0015289,-0.0204544,4.80314
0.00153142,-0.0204544,4.81058
0.00153394,-0.0130959,4.80686
0.00153646,-0.0241336,4.80686
0.00153898,-0.0130959,4.80314
0.0015415,-0.0204544,4.80314
0.00154402,-0.0167751,4.80686
0.00154654,-0.0204544,4.80686
0.00154906,-0.0204544,4.80686
0.00155158,-0.0167751,4.80686
0.0015541,-0.0241336,4.81058
0.00155662,-0.0204544,4.80686
0.00155914,-0.0241336,4.80314
0.00156166,-0.0167751,4.81058
0.00156418,-0.0167751,4.80686
0.0015667,-0.0167751,4.80686
0.00156922,-0.0204544,4.80686
0.00157174,-0.0130959,4.80686
0.00157426,-0.0204544,4.80686
0.00157678,-0.0278129,4.80686
0.0015793,-0.0204544,4.80314
0.00158182,-0.0204544,4.81058
0.00158434,-0.0167751,4.81058
0.00158686,-0.0204544,4.80686
0.00158938,-0.0204544,4.81058
0.0015919,-0.0241336,4.80314
0.00159442,-0.0204544,4.80686
0.00159694,-0.0204544,4.8143
0.00159946,-0.0241336,4.80686
0.00160198,-0.0167751,4.8143
0.0016045,-0.0241336,4.81058
0.00160702,-0.0167751,4.80686
0.00160954,-0.0241336,4.80314
0.00161206,-0.0204544,4.80686
0.00161458,-0.0241336,4.80686
0.0016171,-0.0167751,4.80686
0.00161962,-0.0241336,4.80686
0.00162214,-0.0241336,4.80686
0.00162466,-0.0204544,4.80314
0.00162718,-0.0241336,4.81058
0.0016297,-0.0241336,4.80686
0.00163222,-0.0241336,4.80686
0.00163474,-0.0241336,4.80686
0.00163726,-0.0241336,4.81058
0.00163978,-0.0204544,4.80686
0.0016423,-0.0278129,4.80686
0.00164482,-0.0204544,4.80686
0.00164734,-0.0167751,4.81058
0.00164986,-0.0204544,4.80314
0.00165238,-0.0204544,4.81058
0.0016549,-0.0204544,4.81058
0.00165742,-0.0278129,4.81058
0.00165994,-0.0204544,4.80314
0.00166246,-0.0241336,4.80686
0.00166498,-0.0241336,4.81058
0.0016675,-0.0167751,4.81058
0.00167002,-0.0130959,4.81058
0.00167254,-0.0167751,4.8143
0.00167506,-0.0204544,4.80686
0.00167758,-0.0204544,4.81058
0.0016801,-0.0204544,4.8143
0.00168262,-0.0167751,4.81058
0.00168514,-0.0204544,4.81058
0.00168766,-0.0204544,4.8143
0.00169018,-0.0167751,4.80686
0.0016927,-0.0204544,4.80686
0.00169522,-0.0167751,4.80686
0.00169774,-0.0167751,4.80686
0.00170026,-0.0167751,4.81058
0.00170278,-0.0167751,4.80686
0.0017053,-0.0167751,4.81058
0.00170782,-0.0241336,4.81058
0.00171034,-0.0204544,4.80314
0.00171286,-0.0167751,4.81058
0.00171538,-0.0167751,4.81058
0.0017179,-0.0241336,4.80686
0.00172042,-0.0241336,4.80314
0.00172294,-0.0241336,4.80686
0.00172546,-0.0204544,4.81058
0.00172798,-0.0204544,4.80686
0.0017305,-0.0204544,4.81058
0.00173302,-0.0204544,4.81058
0.00173554,-0.0241336,4.81058
0.00173806,-0.0204544,4.81058
0.00174058,-0.0204544,4.80314
0.0017431,-0.0204544,4.80686
0.00174562,-0.0204544,4.81058
0.00174814,-0.0167751,4.8143
0.00175066,-0.0241336,4.8143
0.00175318,-0.0204544,4.81058
0.0017557,-0.0241336,4.81802
0.00175822,-0.0167751,4.81058
0.00176074,-0.0167751,4.81058
0.00176326,-0.0167751,4.80686
0.00176578,-0.0241336,4.81058
0.0017683,-0.0241336,4.80686
0.00177082,-0.0204544,4.81058
0.00177334,-0.0167751,4.80686
0.00177586,-0.0204544,4.81058
0.00177838,-0.0204544,4.81058
0.0017809,-0.0204544,4.81058
0.00178342,-0.0204544,4.81058
0.00178594,-0.0241336,4.80686
0.00178846,-0.0241336,4.80686
0.00179098,-0.0241336,4.81058
0.0017935,-0.0204544,4.80686
0.00179602,-0.0241336,4.81058
0.00179854,-0.0204544,4.8143
0.00180106,-0.0130959,4.80314
0.00180358,-0.0204544,4.81058
0.0018061,-0.0204544,4.80314
0.00180862,-0.0167751,4.81058
0.00181114,-0.0167751,4.81058
0.00181366,-0.0204544,4.81058
0.00181618,-0.0204544,4.8143
0.0018187,-0.0204544,4.81058
0.00182122,-0.0204544,4.80686
0.00182374,-0.0278129,4.81058
0.00182626,-0.0204544,4.81058
0.00182878,-0.0167751,4.81058
0.0018313,-0.0167751,4.81058
0.00183382,-0.0204544,4.80686
0.00183634,-0.0241336,4.81058
0.00183886,-0.0204544,4.80314
0.00184138,-0.0241336,4.80686
0.0018439,-0.0241336,4.80686
0.00184642,-0.0204544,4.8143
0.00184894,-0.0167751,4.81058
0.00185146,-0.0204544,4.80686
0.00185398,-0.0241336,4.81058
0.0018565,-0.0204544,4.8143
0.00185902,-0.0204544,4.8143
0.00186154,-0.0167751,4.80314
0.00186406,-0.0130959,4.81058
0.00186658,-0.0130959,4.80686
0.0018691,-0.0167751,4.80686
0.00187162,-0.0204544,4.80686
0.00187414,-0.0204544,4.81058
0.00187666,-0.0241336,4.81058
0.00187918,-0.0204544,4.80686
0.0018817,-0.0204544,4.8143
0.00188422,-0.0204544,4.8143
0.00188674,-0.0204544,4.80686
0.00188926,-0.0167751,4.80686
0.00189178,-0.0204544,4.81058
0.0018943,-0.0204544,4.82173
0.00189682,-0.0204544,4.81058
0.00189934,-0.0241336,4.81058
0.00190186,-0.0204544,4.8143
0.00190438,-0.0167751,4.80314
0.0019069,-0.0241336,4.80314
0.00190942,-0.0204544,4.8143
0.00191194,-0.0167751,4.81058
0.00191446,-0.0204544,4.81058
0.00191698,-0.0167751,4.8143
0.0019195,-0.0130959,4.80686
0.00192202,-0.0241336,4.81058
0.00192454,-0.0204544,4.81058
0.00192706,-0.0204544,4.8143
0.00192958,-0.0204544,4.8143
0.0019321,-0.0241336,4.8143
0.00193462,-0.0241336,4.81058
0.00193714,-0.0204544,4.80686
0.00193966,-0.0167751,4.80314
0.00194218,-0.0167751,4.81058
0.0019447,-0.0167751,4.81058
0.00194722,-0.0167751,4.81802
0.00194974,-0.0167751,4.80686
0.00195226,-0.0167751,4.80686
0.00195478,-0.0204544,4.81058
0.0019573,-0.0241336,4.8143
0.00195982,-0.0204544,4.81058
0.00196234,-0.0204544,4.81058
0.00196486,-0.0241336,4.81058
0.00196738,-0.0130959,4.80686
0.0019699,-0.0204544,4.80686
0.00197242,-0.0130959,4.80686
0.00197494,-0.0241336,4.81058
0.00197746,-0.0278129,4.80686
0.00197998,-0.0130959,4.80686
0.0019825,-0.0204544,4.81058
0.00198502,-0.0241336,4.8143
0.00198754,-0.0204544,4.80686
0.00199006,-0.0204544,4.80686
0.00199258,-0.0241336,4.81058
0.0019951,-0.0241336,4.81058
0.00199762,-0.0204544,4.8143
0.00200014,-0.0167751,4.81058
0.00200266,-0.0130959,4.80686
0.00200518,-0.0167751,4.81058
0.0020077,-0.0204544,4.81058
0.00201022,-0.0204544,4.81802
0.00201274,-0.0204544,4.80686
0.00201526,-0.0204544,4.81058
0.00201778,-0.0204544,4.81058
0.0020203,-0.0204544,4.8143
0.00202282,-0.0167751,4.81058
0.00202534,-0.0204544,4.81058
0.00202786,-0.0204544,4.81058
0.00203038,-0.0204544,4.81058
0.0020329,-0.0167751,4.80686
0.00203542,-0.0204544,4.81058
0.00203794,-0.0241336,4.8143
0.00204046,-0.0241336,4.80314
0.00204298,-0.0204544,4.81058
0.0020455,-0.0204544,4.8143
0.00204802,-0.0167751,4.80314
0.00205054,-0.0204544,4.8143
0.00205306,-0.0167751,4.8143
0.00205558,-0.0130959,4.8143
0.0020581,-0.0204544,4.8143
0.00206062,-0.0204544,4.8143
0.00206314,-0.0241336,4.81058
0.00206566,-0.0167751,4.8143
0.00206818,-0.0204544,4.81058
0.0020707,-0.0241336,4.80686
0.00207322,-0.0167751,4.81058
0.00207574,-0.0167751,4.8143
0.00207826,-0.0241336,4.81058
0.00208078,-0.0204544,4.81058
0.0020833,-0.0204544,4.8143
0.00208582,-0.0204544,4.8143
0.00208834,-0.0204544,4.81802
0.00209086,-0.0167751,4.81058
0.00209338,-0.0241336,4.81058
0.0020959,-0.0241336,4.8143
0.00209842,-0.0204544,4.81058
0.00210094,-0.0204544,4.8143
0.00210346,-0.0204544,4.81058
0.00210598,-0.0204544,4.81058
0.0021085,-0.0204544,4.8143
0.00211102,-0.0167751,4.81058
0.00211354,-0.0204544,4.8143
0.00211606,-0.0167751,4.8143
0.00211858,-0.0167751,4.8143
0.0021211,-0.0204544,4.8143
0.00212362,-0.0167751,4.8143
0.00212614,-0.0204544,4.81058
0.00212866,-0.0167751,4.8143
0.00213118,-0.0167751,4.80686
0.0021337,-0.0204544,4.81058
0.00213622,-0.0167751,4.81058
0.00213874,-0.0241336,4.81058
0.00214126,-0.0167751,4.80686
0.00214378,-0.0204544,4.81058
0.0021463,-0.0204544,4.81058
0.00214882,-0.0314921,4.81058
0.00215134,-0.0167751,4.80686
0.00215386,-0.0204544,4.8143
0.00215638,-0.0167751,4.81058
0.0021589,-0.0241336,4.81058
0.00216142,-0.0204544,4.81058
0.00216394,-0.0241336,4.8143
0.00216646,-0.0130959,4.8143
0.00216898,-0.0204544,4.81802
0.0021715,-0.0204544,4.8143
0.00217402,-0.0130959,4.81058
0.00217654,-0.0167751,4.80686
0.00217906,-0.0204544,4.80686
0.00218158,-0.00941663,4.81058
0.0021841,-0.0241336,4.8143
0.00218662,-0.0167751,4.81058
0.00218914,-0.0204544,4.81058
0.00219166,-0.0204544,4.80686
0.00219418,-0.0241336,4.80686
0.0021967,-0.0204544,4.81058
0.00219922,-0.0204544,4.81058
0.00220174,-0.0167751,4.81058
0.00220426,-0.0167751,4.81058
0.00220678,-0.0204544,4.8143
0.0022093,-0.0241336,4.81058
0.00221182,-0.0204544,4.80686
0.00221434,-0.0130959,4.81058
0.00221686,-0.0241336,4.8143
0.00221938,-0.0241336,4.81058
0.0022219,-0.0204544,4.80686
0.00222442,-0.0204544,4.81058
0.00222694,-0.0204544,4.81058
0.00222946,-0.0204544,4.81058
0.00223198,-0.0167751,4.8143
0.0022345,-0.0204544,4.81802
0.00223702,-0.0204544,4.81802
0.00223954,-0.0167751,4.81058
0.00224206,-0.0167751,4.81058
0.00224458,-0.0204544,4.8143
0.0022471,-0.0167751,4.8143
0.00224962,-0.0130959,4.81802
0.00225214,-0.0167751,4.81058
0.00225466,-0.0241336,4.8143
0.00225718,-0.0204544,4.80686
0.0022597,-0.0204544,4.8143
0.00226222,-0.0204544,4.81058
0.00226474,-0.0167751,4.8143
0.00226726,-0.0167751,4.81058
0.00226978,-0.0204544,4.8143
0.0022723,-0.0167751,4.81058
0.00227482,-0.0167751,4.8143
0.00227734,-0.0204544,4.81058
0.00227986,-0.0204544,4.81802
0.00228238,-0.0204544,4.8143
0.0022849,-0.0167751,4.81058
0.00228742,-0.0167751,4.81058
0.00228994,-0.0204544,4.80686
0.00229246,-0.0204544,4.81058
0.00229498,-0.0204544,4.81058
0.0022975,-0.0204544,4.8143
0.00230002,-0.0241336,4.80686
0.00230254,-0.0167751,4.8143
0.00230506,-0.0204544,4.8143
0.00230758,-0.0167751,4.81058
0.0023101,-0.0204544,4.81058
0.00231262,-0.0167751,4.8143
0.00231514,-0.0204544,4.81058
0.00231766,-0.0204544,4.81058
0.00232018,-0.0167751,4.8143
0.0023227,-0.0167751,4.81802
0.00232522,-0.0204544,4.81802
0.00232774,-0.0204544,4.81058
0.00233026,-0.0204544,4.81058
0.00233278,-0.0130959,4.8143
0.0023353,-0.0167751,4.80686
0.00233782,-0.0204544,4.8143
0.00234034,-0.0130959,4.8143
0.00234286,-0.0204544,4.81058
0.00234538,-0.0278129,4.80686
0.0023479,-0.0204544,4.8143
0.00235042,-0.0130959,4.80686
0.00235294,-0.0204544,4.81058
0.00235546,-0.0167751,4.8143
0.00235798,-0.0204544,4.80686
0.0023605,-0.0167751,4.81058
0.00236302,-0.0167751,4.8143
0.00236554,-0.0167751,4.81802
0.00236806,-0.0204544,4.81058
0.00237058,-0.0167751,4.81802
0.0023731,-0.0167751,4.81802
0.00237562,-0.0241336,4.81058
0.00237814,-0.0167751,4.81058
0.00238066,-0.0204544,4.81058
0.00238318,-0.0167751,4.81058
0.0023857,-0.0204544,4.81058
0.00238822,-0.0167751,4.81058
0.00239074,-0.0278129,4.81058
0.00239326,-0.0167751,4.81058
0.00239578,-0.0204544,4.81802
0.0023983,-0.0167751,4.81058
0.00240082,-0.0204544,4.81058
0.00240334,-0.0167751,4.81058
0.00240586,-0.0167751,4.80686
0.00240838,-0.0204544,4.80686
0.0024109,-0.0167751,4.80314
0.00241342,-0.0204544,4.81058
0.00241594,-0.0204544,4.8143
0.00241846,-0.0204544,4.80686
0.00242098,-0.0167751,4.81058
0.0024235,-0.0204544,4.8143
0.00242602,-0.0130959,4.80314
0.00242854,-0.0167751,4.8143
0.00243106,-0.0204544,4.8143
0.00243358,-0.0278129,4.81058
0.0024361,-0.0204544,4.8143
0.00243862,-0.0241336,4.81058
0.00244114,-0.0130959,4.8143
0.00244366,-0.0204544,4.81058
0.00244618,-0.0204544,4.81058
0.0024487,-0.0204544,4.81058
0.00245122,-0.0167751,4.81058
0.00245374,-0.0241336,4.81058
0.00245626,-0.0204544,4.81058
0.00245878,-0.0167751,4.81802
0.0024613,-0.0204544,4.8143
0.00246382,-0.0204544,4.81058
0.00246634,-0.0241336,4.8143
0.00246886,-0.0204544,4.81802
0.00247138,-0.0167751,4.81802
0.0024739,-0.0167751,4.8143
0.00247642,-0.0204544,4.81802
0.00247894,-0.0167751,4.81802
0.00248146,-0.0167751,4.81058
0.00248398,-0.0167751,4.81058
0.0024865,-0.0167751,4.8143
0.00248902,-0.0204544,4.8143
0.00249154,-0.0167751,4.8143
0.00249406,-0.0204544,4.82173
0.00249658,-0.0167751,4.8143
0.0024991,-0.0167751,4.81058
0.00250162,-0.0167751,4.81058
0.00250414,-0.0204544,4.81058
0.00250666,-0.0167751,4.80686
0.00250918,-0.0204544,4.8143
0.0025117,-0.0204544,4.8143
0.00251422,-0.0204544,4.8143
0.00251674,-0.0130959,4.8143
0.00251926,-0.0167751,4.8143
0.00252178,-0.0204544,4.8143
0.0025243,-0.0167751,4.80686
0.00252682,-0.0167751,4.81058
0.00252934,-0.0241336,4.81058
0.00253186,-0.0204544,4.80686
0.00253438,-0.0167751,4.81058
0.0025369,-0.0167751,4.80686
0.00253942,-0.0167751,4.81058
0.00254194,-0.0278129,4.81058
0.00254446,-0.0167751,4.81058
0.00254698,-0.0241336,4.80686
0.0025495,-0.0167751,4.81058
0.00255202,-0.0204544,4.81058
0.00255454,-0.0241336,4.80686
0.00255706,-0.0204544,4.8143
0.00255958,-0.0241336,4.81058
0.0025621,-0.0241336,4.81058
0.00256462,-0.0130959,4.81058
0.00256714,-0.0241336,4.81058
0.00256966,-0.0241336,4.81058
0.00257218,-0.0204544,4.80686
0.0025747,-0.0241336,4.81058
0.00257722,-0.0167751,4.8143
0.00257974,-0.0167751,4.80686
0.00258226,-0.0204544,4.8143
0.00258478,-0.0241336,4.8143
0.0025873,-0.0204544,4.8143
0.00258982,-0.0204544,4.8143
0.00259234,-0.0167751,4.81058
0.00259486,-0.0241336,4.8143
0.00259738,-0.0204544,4.8143
0.0025999,-0.0204544,4.81058
0.00260242,-0.0204544,4.8143
0.00260494,-0.0204544,4.8143
0.00260746,-0.0204544,4.81058
0.00260998,-0.0204544,4.81058
0.0026125,-0.0167751,4.81058
0.00261502,-0.0204544,4.81058
0.00261754,-0.0204544,4.81058
0.00262006,-0.00941663,4.81802
0.00262258,-0.0204544,4.80686
0.0026251,-0.0204544,4.81058
0.00262762,-0.0167751,4.8143
0.00263014,-0.0204544,4.8143
0.00263266,-0.0167751,4.81058
0.00263518,-0.0167751,4.8143
0.0026377,-0.0241336,4.8143
0.00264022,-0.0167751,4.8143
0.00264274,-0.0204544,4.8143
0.00264526,-0.0204544,4.8143
0.00264778,-0.0241336,4.81058
0.0026503,-0.0167751,4.81058
0.00265282,-0.0204544,4.8143
0.00265534,-0.0167751,4.81058
0.00265786,-0.0167751,4.81058
0.00266038,-0.0204544,4.8143
0.0026629,-0.0204544,4.8143
0.00266542,-0.0241336,4.81058
0.00266794,-0.0204544,4.8143
0.00267046,-0.0241336,4.81058
0.00267298,-0.0241336,4.8143
0.0026755,-0.0167751,4.8143
0.00267802,-0.0204544,4.8143
0.00268054,-0.0204544,4.81802
0.00268306,-0.0241336,4.8143
0.00268558,-0.0130959,4.81058
0.0026881,-0.0241336,4.80686
0.00269062,-0.0167751,4.81058
0.00269314,-0.0204544,4.8143
0.00269566,-0.0204544,4.81058
0.00269818,-0.0241336,4.81058
0.0027007,-0.0204544,4.81802
0.00270322,-0.0204544,4.8143
0.00270574,-0.0204544,4.81058
0.00270826,-0.0204544,4.8143
0.00271078,-0.0204544,4.81058
0.0027133,-0.0241336,4.8143
0.00271582,-0.0167751,4.8143
0.00271834,-0.0278129,4.81058
0.00272086,-0.0241336,4.8143
0.00272338,-0.0241336,4.8143
0.0027259,-0.0167751,4.8143
0.00272842,-0.0204544,4.81058
0.00273094,-0.0204544,4.80686
0.00273346,-0.0241336,4.81058
0.00273598,-0.0167751,4.81802
0.0027385,-0.0167751,4.81058
0.00274102,-0.0204544,4.8143
0.00274354,-0.0241336,4.80686
0.00274606,-0.0241336,4.81058
0.00274858,-0.0204544,4.81058
0.0027511,-0.0241336,4.8143
0.00275362,-0.0204544,4.80686
0.00275614,-0.0204544,4.8143
0.00275866,-0.0167751,4.8143
0.00276118,-0.0167751,4.8143
0.0027637,-0.0241336,4.8143
0.00276622,-0.0167751,4.8143
0.00276874,-0.0204544,4.81058
0.00277126,-0.0204544,4.81058
0.00277378,-0.0241336,4.81058
0.0027763,-0.0130959,4.80686
0.00277882,-0.0241336,4.80686
0.00278134,-0.0130959,4.80686
0.00278386,-0.0278129,4.8143
0.00278638,-0.0167751,4.81058
0.0027889,-0.0204544,4.81058
0.00279142,-0.0241336,4.81058
0.00279394,-0.0167751,4.81802
0.00279646,-0.0167751,4.8143
0.00279898,-0.0278129,4.81058
0.0028015,-0.0204544,4.81802
0.00280402,-0.0167751,4.81058
0.00280654,-0.0167751,4.81802
0.00280906,-0.0204544,4.81058
0.00281158,-0.0241336,4.81058
0.0028141,-0.0241336,4.8143
0.00281662,-0.0130959,4.81058
0.00281914,-0.0241336,4.8143
0.00282166,-0.0204544,4.81802
0.00282418,-0.0204544,4.81058
0.0028267,-0.0167751,4.81802
0.00282922,-0.0241336,4.81058
0.00283174,-0.0241336,4.8143
0.00283426,-0.0241336,4.8143
0.00283678,-0.0204544,4.81058
0.0028393,-0.0241336,4.81058
0.00284182,-0.0204544,4.81058
0.00284434,-0.0204544,4.8143
0.00284686,-0.0204544,4.8143
0.00284938,-0.0167751,4.81802
0.0028519,-0.0130959,4.81058
0.00285442,-0.0241336,4.81058
0.00285694,-0.0204544,4.81802
0.00285946,-0.0130959,4.8143
0.00286198,-0.0204544,4.8143
0.0028645,-0.0130959,4.8143
0.00286702,-0.0204544,4.81802
0.00286954,-0.0204544,4.81058
0.00287206,-0.0167751,4.81058
0.00287458,-0.0204544,4.8143
0.0028771,-0.0167751,4.81058
0.00287962,-0.0167751,4.8143
0.00288214,-0.0204544,4.8143
0.00288466,-0.0241336,4.81058
0.00288718,-0.0204544,4.8143
0.0028897,-0.0204544,4.81802
0.00289222,-0.0241336,4.81058
0.00289474,-0.0204544,4.81058
0.00289726,-0.0167751,4.8143
0.00289978,-0.0204544,4.8143
0.0029023,-0.0204544,4.8143
0.00290482,-0.0204544,4.8143
0.00290734,-0.0278129,4.81058
0.00290986,-0.0204544,4.81802
0.00291238,-0.0278129,4.8143
0.0029149,-0.0130959,4.81802
0.00291742,-0.0241336,4.81058
0.00291994,-0.0204544,4.8143
0.00292246,-0.0278129,4.8143
0.00292498,-0.0204544,4.81058
0.0029275,-0.0204544,4.81058
0.00293002,-0.0241336,4.80686
0.00293254,-0.0167751,4.8143
0.00293506,-0.0241336,4.81058
0.00293758,-0.0204544,4.8143
0.0029401,-0.0204544,4.81802
0.00294262,-0.0204544,4.8143
0.00294514,-0.0241336,4.8143
0.00294766,-0.0241336,4.80686
0.00295018,-0.0204544,4.81058
0.0029527,-0.0204544,4.8143
0.00295522,-0.0204544,4.81058
0.00295774,-0.0204544,4.8143
0.00296026,-0.0167751,4.81058
0.00296278,-0.0204544,4.8143
0.0029653,-0.0204544,4.81802
0.00296782,-0.0241336,4.8143
0.00297034,-0.0241336,4.81802
0.00297286,-0.0241336,4.81802
0.00297538,-0.0241336,4.8143
0.0029779,-0.0204544,4.81802
0.00298042,-0.0204544,4.81058
0.00298294,-0.0278129,4.81058
0.00298546,-0.0167751,4.8143
0.00298798,-0.0204544,4.81058
0.0029905,-0.0204544,4.8143
0.00299302,-0.0204544,4.8143
0.00299554,-0.0130959,4.8143
0.00299806,-0.0278129,4.81058
0.00300058,-0.0204544,4.8143
0.0030031,-0.0241336,4.8143
0.00300562,-0.0204544,4.8143
0.00300814,-0.0204544,4.81058
0.00301066,-0.0204544,4.8143
0.00301318,-0.0167751,4.81058
0.0030157,-0.0204544,4.81802
0.00301822,-0.0130959,4.8143
0.00302074,-0.0241336,4.80686
0.00302326,-0.0204544,4.81058
0.00302578,-0.0204544,4.81058
0.0030283,-0.0167751,4.81058
0.00303082,-0.0204544,4.81058
0.00303334,-0.0167751,4.80686
0.00303586,-0.0204544,4.8143
0.00303838,-0.0167751,4.8143
0.0030409,-0.0204544,4.81058
0.00304342,-0.0130959,4.8143
0.00304594,-0.0167751,4.81058
0.00304846,-0.0241336,4.8143
0.00305098,-0.0241336,4.8143
0.0030535,-0.0204544,4.81802
0.00305602,-0.0167751,4.8143
0.00305854,-0.0204544,4.8143
0.00306106,-0.0204544,4.81802
0.00306358,-0.0167751,4.81058
0.0030661,-0.0204544,4.8143
0.00306862,-0.0204544,4.8143
0.00307114,-0.0204544,4.81802
0.00307366,-0.0167751,4.8143
0.00307618,-0.0167751,4.8143
0.0030787,-0.0204544,4.81058
0.00308122,-0.0204544,4.8143
0.00308374,-0.0204544,4.8143
0.00308626,-0.0204544,4.81058
0.00308878,-0.0204544,4.8143
0.0030913,-0.0204544,4.8143
0.00309382,-0.0167751,4.81802
0.00309634,-0.0204544,4.81058
0.00309886,-0.0167751,4.81802
0.00310138,-0.0167751,4.8143
0.0031039,-0.0204544,4.81058
0.00310642,-0.0204544,4.8143
0.00310894,-0.0167751,4.81058
0.00311146,-0.0204544,4.81802
0.00311398,-0.0241336,4.8143
0.0031165,-0.0167751,4.81058
0.00311902,-0.0130959,4.81802
0.00312154,-0.0167751,4.8143
0.00312406,-0.0167751,4.8143
0.00312658,-0.0204544,4.8143
0.0031291,-0.0130959,4.81058
0.00313162,-0.0167751,4.8143
0.00313414,-0.0204544,4.81058
0.00313666,-0.0241336,4.8143
0.00313918,-0.0204544,4.8143
0.0031417,-0.0167751,4.81058
0.00314422,-0.0167751,4.81058
0.00314674,-0.0204544,4.81058
0.00314926,-0.0241336,4.8143
0.00315178,-0.0204544,4.8143
0.0031543,-0.0167751,4.8143
0.00315682,-0.0204544,4.8143
0.00315934,-0.0204544,4.8143
0.00316186,-0.0167751,4.81058
0.00316438,-0.0204544,4.81802
0.0031669,-0.0204544,4.8143
0.00316942,-0.0204544,4.8143
0.00317194,-0.0241336,4.81802
0.00317446,-0.0167751,4.81058
0.00317698,-0.0204544,4.81802
0.0031795,-0.0204544,4.8143
0.00318202,-0.0204544,4.8143
0.00318454,-0.0241336,4.8143
0.00318706,-0.0241336,4.8143
0.00318958,-0.0204544,4.8143
0.0031921,-0.0204544,4.8143
0.00319462,-0.0204544,4.81058
0.00319714,-0.0204544,4.81058
0.00319966,-0.0204544,4.8143
0.00320218,-0.0204544,4.81058
0.0032047,-0.0241336,4.8143
0.00320722,-0.0167751,4.81802
0.00320974,-0.0167751,4.81058
0.00321226,-0.0167751,4.8143
0.00321478,-0.0241336,4.81058
0.0032173,-0.0241336,4.8143
0.00321982,-0.0167751,4.8143
0.00322234,-0.0204544,4.8143
0.00322486,-0.0167751,4.81802
0.00322738,-0.0204544,4.81058
0.0032299,-0.0204544,4.8143
0.00323242,-0.0241336,4.81802
0.00323494,-0.0241336,4.81802
0.00323746,-0.0204544,4.81802
0.00323998,-0.0204544,4.81058
0.0032425,-0.0167751,4.81802
0.00324502,-0.0167751,4.8143
0.00324754,-0.0241336,4.8143
0.00325006,-0.0204544,4.8143
0.00325258,-0.0204544,4.8143
0.0032551,-0.0204544,4.81058
0.00325762,-0.0204544,4.81802
0.00326014,-0.0204544,4.81802
0.00326266,-0.0204544,4.81058
0.00326518,-0.0204544,4.81802
0.0032677,-0.0167751,4.8143
0.00327022,-0.0167751,4.80686
0.00327274,-0.0204544,4.8143
0.00327526,-0.0130959,4.81802
0.00327778,-0.0204544,4.80686
0.0032803,-0.0204544,4.8143
0.00328282,-0.0241336,4.81058
0.00328534,-0.0241336,4.8143
0.00328786,-0.0204544,4.8143
0.00329038,-0.0241336,4.81802
0.0032929,-0.0204544,4.81802
0.00329542,-0.0167751,4.8143
0.00329794,-0.0130959,4.8143
0.00330046,-0.0204544,4.8143
0.00330298,-0.0167751,4.81058
0.0033055,-0.0204544,4.81058
0.00330802,-0.0130959,4.81058
0.00331054,-0.0167751,4.8143
0.00331306,-0.0278129,4.81058
0.00331558,-0.0241336,4.8143
0.0033181,-0.0204544,4.81058
0.00332062,-0.0241336,4.8143
0.00332314,-0.0204544,4.81058
0.00332566,-0.0167751,4.81802
0.00332818,-0.0204544,4.8143
0.0033307,-0.0204544,4.8143
0.00333322,-0.0167751,4.8143
0.00333574,-0.0204544,4.8143
0.00333826,-0.0167751,4.81058
0.00334078,-0.0167751,4.8143
0.0033433,-0.0204544,4.8143
0.00334582,-0.0204544,4.8143
0.00334834,-0.0204544,4.8143
0.00335086,-0.0167751,4.82173
0.00335338,-0.0167751,4.81058
0.0033559,-0.0204544,4.81058
0.00335842,-0.0204544,4.8143
0.00336094,-0.0204544,4.8143
0.00336346,-0.0167751,4.81058
0.00336598,-0.0167751,4.81058
0.0033685,-0.0167751,4.81058
0.00337102,-0.0204544,4.8143
0.00337354,-0.0167751,4.8143
0.00337606,-0.0167751,4.8143
0.00337858,-0.0278129,4.8143
0.0033811,-0.0167751,4.8143
0.00338362,-0.0241336,4.81802
0.00338614,-0.0130959,4.8143
0.00338866,-0.0204544,4.81058
0.00339118,-0.0241336,4.81058
0.0033937,-0.0167751,4.8143
0.00339622,-0.0241336,4.8143
0.00339874,-0.0241336,4.81802
0.00340126,-0.0167751,4.81058
0.00340378,-0.0167751,4.8143
0.0034063,-0.0241336,4.8143
0.00340882,-0.0241336,4.8143
0.00341134,-0.0204544,4.8143
0.00341386,-0.0130959,4.81802
0.00341638,-0.0204544,4.8143
0.0034189,-0.0204544,4.81058
0.00342142,-0.0241336,4.81058
0.00342394,-0.0204544,4.8143
0.00342646,-0.0241336,4.81058
0.00342898,-0.0241336,4.81058
0.0034315,-0.0204544,4.80686
0.00343402,-0.0241336,4.8143
0.00343654,-0.0130959,4.81058
0.00343906,-0.0204544,4.81058
0.00344158,-0.0204544,4.8143
0.0034441,-0.0204544,4.8143
0.00344662,-0.0241336,4.80314
0.00344914,-0.0241336,4.8143
0.00345166,-0.0167751,4.8143
0.00345418,-0.0167751,4.81802
0.0034567,-0.0167751,4.8143
0.00345922,-0.0167751,4.81058
0.00346174,-0.0167751,4.8143
0.00346426,-0.0167751,4.8143
0.00346678,-0.0204544,4.81058
0.0034693,-0.0204544,4.8143
0.00347182,-0.0204544,4.81058
0.00347434,-0.0241336,4.8143
0.00347686,-0.0204544,4.81058
0.00347938,-0.0204544,4.81802
0.0034819,-0.0204544,4.8143
0.00348442,-0.0204544,4.8143
0.00348694,-0.0204544,4.8143
0.00348946,-0.0167751,4.8143
0.00349198,-0.0167751,4.8143
0.0034945,-0.0241336,4.81802
0.00349702,-0.0204544,4.8143
0.00349954,-0.0204544,4.8143
0.00350206,-0.0278129,4.81058
0.00350458,-0.0204544,4.81058
0.0035071,-0.0204544,4.81058
0.00350962,-0.0204544,4.81802
0.00351214,-0.0204544,4.8143
0.00351466,-0.0204544,4.8143
0.00351718,-0.0204544,4.8143
0.0035197,-0.0204544,4.80686
0.00352222,-0.0204544,4.8143
0.00352474,-0.0204544,4.81058
0.00352726,-0.0130959,4.80686
0.00352978,-0.0241336,4.8143
0.0035323,-0.0241336,4.81058
0.00353482,-0.0204544,4.80686
0.00353734,-0.0241336,4.81802
0.00353986,-0.0167751,4.80686
0.00354238,-0.0241336,4.81058
0.0035449,-0.0204544,4.81058
0.00354742,-0.0167751,4.8143
0.00354994,-0.0204544,4.8143
0.00355246,-0.0204544,4.81802
0.00355498,-0.0204544,4.80686
0.0035575,-0.0241336,4.80686
0.00356002,-0.0241336,4.8143
0.00356254,-0.0204544,4.8143
0.00356506,-0.0204544,4.81058
0.00356758,-0.0204544,4.8143
0.0035701,-0.0167751,4.8143
0.00357262,-0.0241336,4.8143
0.00357514,-0.0167751,4.8143
0.00357766,-0.0204544,4.8143
0.00358018,-0.0204544,4.81058
0.0035827,-0.0204544,4.8143
0.00358522,-0.0167751,4.81058
0.00358774,-0.0204544,4.80686
0.00359026,-0.0167751,4.8143
0.00359278,-0.0204544,4.81058
0.0035953,-0.0204544,4.81058
0.00359782,-0.0204544,4.81802
0.00360034,-0.0204544,4.8143
0.00360286,-0.0278129,4.8143
0.00360538,-0.0204544,4.8143
0.0036079,-0.0204544,4.8143
0.00361042,-0.0167751,4.82173
0.00361294,-0.0167751,4.81058
0.00361546,-0.0241336,4.8143
0.00361798,-0.0167751,4.81058
0.0036205,-0.0204544,4.8143
0.00362302,-0.0204544,4.8143
0.00362554,-0.0204544,4.81058
0.00362806,-0.0167751,4.8143
0.00363058,-0.0167751,4.81058
0.0036331,-0.0204544,4.81058
0.00363562,-0.0204544,4.81058
0.00363814,-0.0241336,4.81058
0.00364066,-0.0204544,4.81058
0.00364318,-0.0241336,4.8143
0.0036457,-0.0204544,4.81058
0.00364822,-0.0167751,4.8143
0.00365074,-0.0241336,4.81058
0.00365326,-0.0167751,4.81058
0.00365578,-0.0241336,4.80686
0.0036583,-0.0241336,4.8143
0.00366082,-0.0204544,4.81058
0.00366334,-0.0204544,4.8143
0.00366586,-0.0204544,4.8143
0.00366838,-0.0241336,4.8143
0.0036709,-0.0204544,4.81058
0.00367342,-0.0130959,4.81802
0.00367594,-0.0204544,4.8143
0.00367846,-0.0204544,4.8143
0.00368098,-0.0241336,4.81058
0.0036835,-0.0204544,4.81058
0.00368602,-0.0241336,4.81058
0.00368854,-0.0167751,4.81058
0.00369106,-0.0130959,4.81802
0.00369358,-0.0204544,4.8143
0.0036961,-0.0204544,4.81802
0.00369862,-0.0167751,4.8143
0.00370114,-0.0167751,4.81802
0.00370366,-0.0167751,4.8143
0.00370618,-0.0204544,4.8143
0.0037087,-0.0241336,4.81058
0.00371122,-0.0167751,4.8143
0.00371374,-0.0167751,4.81058
0.00371626,-0.0204544,4.81058
0.00371878,-0.0204544,4.81058
0.0037213,-0.0167751,4.8143
0.00372382,-0.0130959,4.81058
0.00372634,-0.0204544,4.8143
0.00372886,-0.0167751,4.8143
0.00373138,-0.0167751,4.8143
0.0037339,-0.0241336,4.81802
0.00373642,-0.0204544,4.81802
0.00373894,-0.0167751,4.8143
0.00374146,-0.0130959,4.81058
0.00374398,-0.0167751,4.81058
0.0037465,-0.0204544,4.80686
0.00374902,-0.0167751,4.8143
0.00375154,-0.0167751,4.81058
0.00375406,-0.0241336,4.81058
0.00375658,-0.0241336,4.81058
0.0037591,-0.0204544,4.8143
0.00376162,-0.0167751,4.8143
0.00376414,-0.0167751,4.81058
0.00376666,-0.0204544,4.8143
0.00376918,-0.0167751,4.8143
0.0037717,-0.0204544,4.8143
0.00377422,-0.0130959,4.81802
0.00377674,-0.0130959,4.81058
0.00377926,-0.0241336,4.81058
0.00378178,-0.0204544,4.81802
0.0037843,-0.0241336,4.8143
0.00378682,-0.0167751,4.8143
0.00378934,-0.0204544,4.8143
0.00379186,-0.0204544,4.81058
0.00379438,-0.0204544,4.82173
0.0037969,-0.0204544,4.81058
0.00379942,-0.0241336,4.8143
0.00380194,-0.0241336,4.80686
0.00380446,-0.0241336,4.81058
0.00380698,-0.0167751,4.81058
0.0038095,-0.0204544,4.81058
0.00381202,-0.0204544,4.81058
0.00381454,-0.0204544,4.8143
0.00381706,-0.0167751,4.8143
0.00381958,-0.0130959,4.82173
0.0038221,-0.0204544,4.8143
0.00382462,-0.0167751,4.81802
0.00382714,-0.0167751,4.81058
0.00382966,-0.0167751,4.81058
0.00383218,-0.0167751,4.81058
0.0038347,-0.0204544,4.8143
0.00383722,-0.0130959,4.8143
0.00383974,-0.0167751,4.81058
0.00384226,-0.0167751,4.8143
0.00384478,-0.0167751,4.81058
0.0038473,-0.0204544,4.8143
0.00384982,-0.0167751,4.81058
0.00385234,-0.0204544,4.81802
0.00385486,-0.0204544,4.81058
0.00385738,-0.0241336,4.80686
0.0038599,-0.0204544,4.81802
0.00386242,-0.0204544,4.8143
0.00386494,-0.0241336,4.81802
0.00386746,-0.0241336,4.81058
0.00386998,-0.0167751,4.80686
0.0038725,-0.0204544,4.8143
0.00387502,-0.0130959,4.8143
0.00387754,-0.0204544,4.81802
0.00388006,-0.0204544,4.8143
0.00388258,-0.0204544,4.81802
0.0038851,-0.0204544,4.8143
0.00388762,-0.0204544,4.8143
0.00389014,-0.0204544,4.81802
0.00389266,-0.0204544,4.8143
0.00389518,-0.0204544,4.81058
0.0038977,-0.0167751,4.81058
0.00390022,-0.0167751,4.8143
0.00390274,-0.0167751,4.8143
0.00390526,-0.0204544,4.8143
0.00390778,-0.0204544,4.8143
0.0039103,-0.0130959,4.8143
0.00391282,-0.0204544,4.81802
0.00391534,-0.0241336,4.80314
0.00391786,-0.0167751,4.81058
0.00392038,-0.0167751,4.8143
0.0039229,-0.0241336,4.81058
0.00392542,-0.0241336,4.8143
0.00392794,-0.0204544,4.81058
0.00393046,-0.0241336,4.81058
0.00393298,-0.0167751,4.81058
0.0039355,-0.0241336,4.81058
0.00393802,-0.0204544,4.81802
0.00394054,-0.0241336,4.81058
0.00394306,-0.0204544,4.8143
0.00394558,-0.0167751,4.81058
0.0039481,-0.0167751,4.81058
0.00395062,-0.0167751,4.81058
0.00395314,-0.0167751,4.8143
0.00395566,-0.0167751,4.8143
0.00395818,-0.0204544,4.81058
0.0039607,-0.0204544,4.8143
0.00396322,-0.0204544,4.80686
0.00396574,-0.0204544,4.81058
0.00396826,-0.0204544,4.8143
0.00397078,-0.0241336,4.78455
0.0039733,-0.0204544,4.48334
0.00397582,-0.0204544,4.20816
0.00397834,-0.0204544,3.96644
0.00398086,-0.0204544,3.72845
0.00398338,-0.0204544,3.51277
0.0039859,-0.0241336,3.30081
0.00398842,-0.0204544,3.09256
0.00399094,-0.0130959,2.89919
0.00399346,-0.0204544,2.71326
0.00399598,-0.0204544,2.53476
0.0039985,-0.0204544,2.36371
0.00400102,-0.0241336,2.2038
0.00400354,-0.0278129,2.05134
0.00400606,-0.0204544,1.90259
0.00400858,-0.0204544,1.765
0.0040111,-0.0241336,1.63857
0.00401362,-0.0204544,1.51585
0.00401614,-0.0204544,1.40429
0.00401866,-0.0241336,1.29645
0.00402118,-0.0167751,1.19605
0.0040237,-0.0241336,1.11424
0.00402622,-0.0167751,1.02499
0.00402874,-0.0204544,0.9469
0.00403126,-0.0167751,0.868809
0.00403378,-0.0204544,0.80931
0.0040363,-0.0241336,0.742375
0.00403882,-0.0167751,0.679158
0.00404134,-0.0204544,0.627096
0.00404386,-0.0204544,0.586191
0.00404638,-0.0241336,0.53413
0.0040489,-0.0204544,0.482069
0.00405142,-0.0204544,0.45232
0.00405394,-0.0204544,0.418852
0.00405646,-0.0204544,0.377947
0.00405898,-0.0204544,0.355635
0.0040615,-0.0167751,0.322167
0.00406402,-0.0204544,0.292418
0.00406654,-0.0167751,0.273825
0.00406906,-0.0204544,0.255231
0.00407158,-0.0167751,0.232919
0.0040741,-0.0204544,0.218045
0.00407662,-0.0204544,0.199452
0.00407914,-0.0167751,0.180858
0.00408166,-0.0204544,0.165984
0.00408418,-0.0167751,0.158546
0.0040867,-0.0167751,0.143672
0.00408922,-0.0167751,0.128797
0.00409174,-0.0167751,0.12136
0.00409426,-0.0167751,0.110204
0.00409678,-0.0130959,0.102767
0.0040993,-0.0204544,0.0953293
0.00410182,-0.0167751,0.0916107
0.00410434,-0.0167751,0.0804547
0.00410686,-0.0204544,0.0767361
0.00410938,-0.0278129,0.0692988
0.0041119,-0.0204544,0.0692988
0.00411442,-0.0167751,0.0581428
0.00411694,-0.0167751,0.0581428
0.00411946,-0.0167751,0.0581428
0.00412198,-0.0130959,0.0507055
0.0041245,-0.0204544,0.0432682
0.00412702,-0.0241336,0.0432682
0.00412954,-0.0130959,0.0432682
0.00413206,-0.0241336,0.0395496
0.00413458,-0.0204544,0.0358309
0.0041371,-0.0241336,0.0321123
0.00413962,-0.0241336,0.0321123
0.00414214,-0.0204544,0.0283936
0.00414466,-0.0204544,0.0209563
0.00414718,-0.0167751,0.0209563
0.0041497,-0.0130959,0.024675
0.00415222,-0.0167751,0.013519
0.00415474,-0.0241336,0.0172377
0.00415726,-0.0204544,0.013519
0.00415978,-0.0241336,0.00980037
0.0041623,-0.00941663,0.013519
0.00416482,-0.0241336,0.0172377
0.00416734,-0.0204544,0.00980037
0.00416986,-0.0167751,0.013519
0.00417238,-0.0204544,0.00980037
0.0041749,-0.0204544,0.00980037
0.00417742,-0.0204544,0.013519
0.00417994,-0.0241336,0.013519
0.00418246,-0.0167751,0.00608172
0.00418498,-0.0167751,0.00980037
0.0041875,-0.0204544,0.00980037
0.00419002,-0.0167751,0.00608172
0.00419254,-0.0167751,0.00608172
0.00419506,-0.0167751,0.00980037
0.00419758,-0.0204544,0.00608172
0.0042001,-0.0241336,0.00980037
0.00420262,-0.0241336,-0.00135558
0.00420514,-0.0167751,0.00608172
0.00420766,-0.0204544,0.00608172
0.00421018,-0.0241336,0.00236307
0.0042127,-0.0204544,0.00236307
0.00421522,-0.0204544,0.00608172
0.00421774,-0.0241336,0.00236307
0.00422026,-0.0204544,0.00236307
0.00422278,-0.0204544,0.00236307
0.0042253,-0.0167751,0.00236307
0.00422782,-0.0204544,0.00608172
0.00423034,-0.0167751,-0.00135558
0.00423286,-0.0130959,-0.00135558
0.00423538,-0.0167751,0.00608172
0.0042379,-0.0204544,0.00236307
0.00424042,-0.0241336,0.00236307
0.00424294,-0.0204544,-0.00135558
0.00424546,-0.0241336,0.00236307
0.00424798,-0.0241336,0.00236307
0.0042505,-0.0167751,0.00236307
0.00425302,-0.0204544,-0.00135558
0.00425554,-0.0204544,0.00608172
0.00425806,-0.0167751,0.00608172
0.00426058,-0.0241336,-0.00135558
0.0042631,-0.0167751,0.00236307
0.00426562,-0.0241336,0.00236307
0.00426814,-0.0167751,0.00236307
0.00427066,-0.0204544,0.00236307
0.00427318,-0.0204544,-0.00507423
0.0042757,-0.0167751,-0.00135558
0.00427822,-0.0204544,-0.00135558
0.00428074,-0.0167751,-0.00135558
0.00428326,-0.0130959,-0.00135558
0.00428578,-0.0130959,-0.00507423
0.0042883,-0.0130959,-0.00135558
0.00429082,-0.0167751,0.00608172
0.00429334,-0.0204544,0.00608172
0.00429586,-0.0167751,0.00236307
0.00429838,-0.0167751,-0.00135558
0.0043009,-0.0130959,0.00236307
0.00430342,-0.0167751,0.00608172
0.00430594,-0.0130959,0.00236307
0.00430846,-0.0167751,-0.00135558
0.00431098,-0.0204544,-0.00507423
0.0043135,-0.0167751,0.00236307
0.00431602,-0.0167751,-0.00135558
0.00431854,-0.0241336,-0.00507423
0.00432106,-0.0204544,0.00236307
0.00432358,-0.0167751,0.00236307
0.0043261,-0.0167751,-0.00135558
0.00432862,-0.0204544,0.00236307
0.00433114,-0.0204544,0.00236307
0.00433366,-0.0204544,0.00608172
0.00433618,-0.0130959,-0.00135558
0.0043387,-0.0204544,-0.00135558
0.00434122,-0.0204544,-0.00135558
0.00434374,-0.0167751,0.00236307
0.00434626,-0.0130959,0.00236307
0.00434878,-0.0130959,-0.00507423
0.0043513,-0.0204544,0.00236307
0.00435382,-0.0204544,-0.00879288
0.00435634,-0.0278129,0.00236307
0.00435886,-0.0204544,-0.00507423
0.00436138,-0.0167751,0.00236307
0.0043639,-0.0167751,-0.00135558
0.00436642,-0.0204544,-0.00507423
0.00436894,-0.0204544,-0.00879288
0.00437146,-0.0167751,-0.00135558
0.00437398,-0.0204544,0.00236307
0.0043765,-0.0167751,-0.00135558
0.00437902,-0.0204544,-0.00135558
0.00438154,-0.0241336,-0.00507423
0.00438406,-0.0167751,-0.00135558
0.00438658,-0.0204544,0.00236307
0.0043891,-0.0204544,0.00236307
0.00439162,-0.0204544,0.00236307
0.00439414,-0.0204544,-0.00507423
0.00439666,-0.0167751,-0.00135558
0.00439918,-0.0204544,-0.00135558
0.0044017,-0.0241336,-0.00507423
0.00440422,-0.0204544,-0.00135558
0.00440674,-0.0204544,-0.00135558
0.00440926,-0.0204544,-0.00507423
0.00441178,-0.0204544,-0.00507423
0.0044143,-0.0204544,-0.00135558
0.00441682,-0.0167751,-0.00507423
0.00441934,-0.0167751,-0.00507423
0.00442186,-0.0167751,-0.00135558
0.00442438,-0.0204544,-0.00507423
0.0044269,-0.0167751,-0.00135558
0.00442942,-0.0204544,-0.00135558
0.00443194,-0.0204544,-0.00507423
0.00443446,-0.0204544,0.00236307
0.00443698,-0.0167751,-0.00135558
0.0044395,-0.0167751,-0.00135558
0.00444202,-0.0167751,-0.00507423
0.00444454,-0.0167751,-0.00879288
0.00444706,-0.0241336,-0.00507423
0.00444958,-0.0167751,-0.00135558
0.0044521,-0.0130959,-0.00507423
0.00445462,-0.0130959,-0.00507423
0.00445714,-0.0167751,0.00236307
0.00445966,-0.0204544,-0.00507423
0.00446218,-0.0241336,-0.00507423
0.0044647,-0.0167751,-0.00135558
0.00446722,-0.0204544,-0.00135558
0.00446974,-0.0204544,-0.00507423
0.00447226,-0.0167751,-0.00507423
0.00447478,-0.0167751,-0.00135558
0.0044773,-0.0167751,-0.00507423
0.00447982,-0.0167751,-0.00135558
0.00448234,-0.0204544,-0.00507423
0.00448486,-0.0204544,0.00236307
0.00448738,-0.0167751,-0.00135558
0.0044899,-0.0167751,-0.00507423
0.00449242,-0.0167751,-0.00135558
0.00449494,-0.0204544,-0.00135558
0.00449746,-0.0167751,-0.00507423
0.00449998,-0.0167751,0.00236307
0.0045025,-0.0204544,-0.00507423
0.00450502,-0.0167751,-0.00135558
0.00450754,-0.0167751,-0.00135558
0.00451006,-0.0241336,-0.00135558
0.00451258,-0.0241336,-0.00135558
0.0045151,-0.0241336,-0.00135558
0.00451762,-0.0241336,0.00236307
0.00452014,-0.0204544,0.00236307
0.00452266,-0.0204544,-0.00135558
0.00452518,-0.0167751,-0.00879288
0.0045277,-0.0241336,-0.00135558
0.00453022,-0.0204544,-0.00135558
0.00453274,-0.0241336,-0.00135558
0.00453526,-0.0167751,0.00236307
0.00453778,-0.0204544,-0.00507423
0.0045403,-0.0167751,0.00236307
0.00454282,-0.0204544,0.00236307
0.00454534,-0.0204544,-0.00135558
0.00454786,-0.0167751,0.00236307
0.00455038,-0.0204544,-0.00135558
0.0045529,-0.0204544,-0.00507423
0.00455542,-0.0204544,-0.00135558
0.00455794,-0.0130959,-0.00135558
0.00456046,-0.0241336,0.00236307
0.00456298,-0.0130959,-0.00135558
0.0045655,-0.0204544,-0.00507423
0.00456802,-0.0204544,-0.00879288
0.00457054,-0.0167751,-0.00507423
0.00457306,-0.0204544,-0.00135558
0.00457558,-0.0130959,0.00236307
0.0045781,-0.0167751,-0.00135558
0.00458062,-0.0130959,-0.00135558
0.00458314,-0.0130959,-0.00507423
0.00458566,-0.0204544,-0.00507423
0.00458818,-0.0204544,-0.00135558
0.0045907,-0.0130959,-0.00507423
0.00459322,-0.0167751,-0.00135558
0.00459574,-0.0130959,-0.00879288
0.00459826,-0.0167751,-0.00507423
0.00460078,-0.0167751,-0.00507423
0.0046033,-0.0167751,-0.00135558
0.00460582,-0.0167751,-0.00879288
0.00460834,-0.00941663,-0.00135558
0.00461086,-0.0204544,-0.00507423
0.00461338,-0.0167751,-0.00135558
0.0046159,-0.00941663,-0.00135558
0.00461842,-0.0167751,-0.00507423
0.00462094,-0.0167751,0.00236307
0.00462346,-0.0130959,-0.00135558
0.00462598,-0.0167751,-0.00507423
0.0046285,-0.0241336,-0.00507423
0.00463102,-0.0204544,-0.00135558
0.00463354,-0.0241336,-0.00507423
0.00463606,-0.0167751,0.00236307
0.00463858,-0.0167751,-0.00507423
0.0046411,-0.0204544,-0.00135558
0.00464362,-0.0204544,-0.00879288
0.00464614,-0.0167751,-0.00135558
0.00464866,-0.0204544,-0.00507423
0.00465118,-0.0167751,-0.00507423
0.0046537,-0.0204544,-0.00879288
0.00465622,-0.0204544,-0.00879288
0.00465874,-0.0204544,-0.00879288
0.00466126,-0.0167751,-0.00879288
0.00466378,-0.0167751,-0.00879288
0.0046663,-0.0204544,-0.00879288
0.00466882,-0.0130959,-0.00507423
0.00467134,-0.0167751,-0.00507423
0.00467386,-0.0204544,-0.00135558
0.00467638,-0.0167751,-0.00879288
0.0046789,-0.0167751,-0.00507423
0.00468142,-0.0167751,-0.0125115
0.00468394,-0.0204544,-0.00507423
0.00468646,-0.0167751,-0.00135558
0.00468898,-0.0204544,-0.00135558
0.0046915,-0.0241336,-0.00135558
0.00469402,-0.0130959,-0.00135558
0.00469654,-0.0130959,-0.00507423
0.00469906,-0.0204544,-0.00507423
0.00470158,-0.0241336,-0.00507423
0.0047041,-0.0204544,-0.00507423
0.00470662,-0.0204544,-0.00507423
0.00470914,-0.0167751,-0.00135558
0.00471166,-0.0204544,-0.00879288
0.00471418,-0.0204544,-0.00135558
0.0047167,-0.0167751,-0.00507423
0.00471922,-0.0167751,-0.00879288
0.00472174,-0.0204544,-0.00879288
0.00472426,-0.0130959,-0.00879288
0.00472678,-0.0204544,-0.00507423
0.0047293,-0.0167751,-0.00135558
0.00473182,-0.0167751,-0.00507423
0.00473434,-0.0241336,-0.00507423
0.00473686,-0.0204544,-0.00507423
0.00473938,-0.0241336,-0.00135558
0.0047419,-0.0167751,-0.00507423
0.00474442,-0.0167751,-0.00507423
0.00474694,-0.0204544,-0.00135558
0.00474946,-0.0167751,-0.00879288
0.00475198,-0.0204544,-0.00507423
0.0047545,-0.0167751,-0.00507423
0.00475702,-0.0204544,-0.00879288
0.00475954,-0.0130959,-0.00507423
0.00476206,-0.0204544,-0.00507423
0.00476458,-0.0167751,-0.00135558
0.0047671,-0.0204544,-0.00507423
0.00476962,-0.0204544,-0.00507423
0.00477214,-0.0167751,0.00236307
0.00477466,-0.0167751,-0.00879288
0.00477718,-0.0167751,0.00236307
0.0047797,-0.0167751,-0.00879288
0.00478222,-0.0241336,0.00236307
0.00478474,-0.0204544,-0.00135558
0.00478726,-0.0167751,-0.00507423
0.00478978,-0.0204544,-0.00135558
0.0047923,-0.0204544,-0.00507423
0.00479482,-0.0204544,-0.00135558
0.00479734,-0.0167751,-0.00879288
0.00479986,-0.0167751,-0.00879288
0.00480238,-0.0204544,-0.00507423
0.0048049,-0.0241336,-0.00507423
0.00480742,-0.0130959,-0.00879288
0.00480994,-0.0241336,-0.0125115
0.00481246,-0.0204544,-0.00135558
0.00481498,-0.0204544,-0.00879288
0.0048175,-0.0241336,-0.00507423
0.00482002,-0.0167751,-0.00135558
0.00482254,-0.0130959,-0.00507423
0.00482506,-0.0167751,-0.00507423
0.00482758,-0.0167751,-0.00507423
0.0048301,-0.0167751,-0.00507423
