t,u
-0.009745731757925072,0.03688073475544718
-0.009735811757925072,0.03320148214066688
-0.009725891757925072,0.04423923998501089
-0.009715971757925072,0.04055998737022725
-0.009706051757925072,0.04055998737023059
-0.009696131757925072,0.04423923998501089
-0.009686211757925072,0.04423923998501089
-0.009676291757925072,0.03688073475544718
-0.009666371757925072,0.05159774521457461
-0.009656451757925072,0.04423923998501089
-0.009646531757925072,0.04423923998501089
-0.009636611757925071,0.04055998737022892
-0.009626691757925071,0.04055998737022892
-0.009616771757925071,0.06999400828848379
-0.009606851757925071,0.04791849259979264
-0.009596931757925071,0.04423923998501089
-0.009587011757925071,0.04791849259979264
-0.009577091757925071,0.04055998737022892
-0.009567171757925071,0.03320148214066521
-0.009557251757925071,0.04423923998501089
-0.009547331757925071,0.05159774521457461
-0.009537411757925071,0.06263550305891839
-0.009527491757925071,0.04423923998501089
-0.009517571757925071,0.06631475567370851
-0.009507651757925071,0.06263550305891338
-0.009497731757925071,0.03688073475544383
-0.009487811757925072,0.04055998737022725
-0.009477891757925072,0.08103176613282423
-0.009467971757925072,0.05159774521457963
-0.009458051757925072,0.03320148214066521
-0.009448131757925072,0.05159774521457461
-0.009438211757925072,0.04423923998501089
-0.009428291757925072,0.04423923998501089
-0.009418371757925072,0.04055998737022892
-0.009408451757925072,0.0589562504441381
-0.009398531757925072,0.04423923998501089
-0.009388611757925071,0.04055998737022892
-0.009378691757925071,0.07367326090326554
-0.009368771757925071,0.05159774521457461
-0.009358851757925071,0.04423923998501089
-0.009348931757925071,0.05159774521457461
-0.009339011757925071,0.04423923998501089
-0.009329091757925071,0.04055998737022892
-0.009319171757925071,0.04423923998501089
-0.009309251757925071,0.04791849259979264
-0.009299331757925071,0.05159774521457461
-0.009289411757925071,0.03688073475544718
-0.009279491757925071,0.03688073475544885
-0.009269571757925071,0.04055998737023059
-0.009259651757925071,0.05159774521457294
-0.009249731757925071,0.04423923998501424
-0.009239811757925072,0.05159774521457294
-0.009229891757925072,0.03320148214066688
-0.009219971757925072,0.05159774521457294
-0.009210051757925072,0.06999400828848713
-0.009200131757925072,0.03320148214066855
-0.009190211757925072,0.03688073475544718
-0.009180291757925072,0.05527699782935636
-0.009170371757925072,0.0589562504441381
-0.009160451757925072,0.0589562504441381
-0.009150531757925072,0.04055998737022892
-0.009140611757925072,0.04423923998501089
-0.009130691757925071,0.05159774521457461
-0.009120771757925071,0.06263550305892007
-0.009110851757925071,0.05159774521457461
-0.009100931757925071,0.05159774521457461
-0.009091011757925071,0.03688073475544718
-0.009081091757925071,0.04423923998501089
-0.009071171757925071,0.05527699782935636
-0.009061251757925071,0.04055998737022892
-0.009051331757925071,0.04423923998501089
-0.009041411757925071,0.04423923998501089
-0.009031491757925071,0.04055998737022725
-0.009021571757925071,0.03688073475544885
-0.009011651757925071,0.04791849259979264
-0.009001731757925071,0.02584297691110171
-0.008991811757925071,0.04055998737023227
-0.008981891757925072,0.05159774521457795
-0.008971971757925072,0.05895625044413643
-0.008962051757925072,0.04423923998501256
-0.008952131757925072,0.04055998737022558
-0.008942211757925072,0.04055998737022892
-0.008932291757925072,0.04423923998501089
-0.008922371757925072,0.03320148214066521
-0.008912451757925072,0.04055998737022892
-0.008902531757925072,0.03688073475544718
-0.008892611757925072,0.04791849259979264
-0.008882691757925072,0.04423923998501089
-0.008872771757925071,0.03688073475544718
-0.008862851757925071,0.04423923998501089
-0.008852931757925071,0.0589562504441381
-0.008843011757925071,0.05159774521457461
-0.008833091757925071,0.05527699782935636
-0.008823171757925071,0.03320148214066521
-0.008813251757925071,0.03320148214066521
-0.008803331757925071,0.05159774521457461
-0.008793411757925071,0.06631475567370182
-0.008783491757925071,0.06631475567370182
-0.008773571757925071,0.04055998737023059
-0.008763651757925071,0.05159774521457294
-0.008753731757925071,0.04423923998501089
-0.008743811757925071,0.04791849259979097
-0.00873389175792507,0.03320148214066019
-0.008723971757925072,0.04055998737022558
-0.008714051757925072,0.04055998737023394
-0.008704131757925072,0.04055998737023227
-0.008694211757925072,0.05159774521457126
-0.008684291757925072,0.05527699782935636
-0.008674371757925072,0.05527699782935636
-0.008664451757925072,0.07735251351804728
-0.008654531757925072,0.06999400828848379
-0.008644611757925072,0.04423923998501089
-0.008634691757925072,0.04791849259979264
-0.008624771757925071,0.04423923998501089
-0.008614851757925071,0.04055998737022892
-0.008604931757925071,0.0589562504441381
-0.008595011757925071,0.03688073475544718
-0.008585091757925071,0.05159774521457461
-0.008575171757925071,0.02952222952588346
-0.008565251757925071,0.04423923998501089
-0.008555331757925071,0.06263550305892007
-0.008545411757925071,0.05527699782935636
-0.008535491757925071,0.03688073475544718
-0.008525571757925071,0.04055998737022892
-0.008515651757925071,0.04055998737022725
-0.008505731757925071,0.02952222952588513
-0.008495811757925071,0.04423923998501256
-0.008485891757925071,0.03320148214066019
-0.008475971757925072,0.03320148214066186
-0.008466051757925072,0.06263550305891505
-0.008456131757925072,0.06631475567370516
-0.008446211757925072,0.04423923998501256
-0.008436291757925072,0.06263550305891673
-0.008426371757925072,0.04791849259979264
-0.008416451757925072,0.04423923998501089
-0.008406531757925072,0.02584297691110171
-0.008396611757925072,0.04423923998501089
-0.008386691757925072,0.05159774521457461
-0.008376771757925072,0.03688073475544718
-0.008366851757925071,0.04423923998501089
-0.008356931757925071,0.04055998737022892
-0.008347011757925071,0.05159774521457461
-0.008337091757925071,0.05159774521457461
-0.008327171757925071,0.05159774521457461
-0.008317251757925071,0.05159774521457461
-0.008307331757925071,0.04423923998501089
-0.008297411757925071,0.02216372429631974
-0.008287491757925071,0.04423923998501089
-0.008277571757925071,0.0589562504441381
-0.008267651757925071,0.04055998737022558
-0.008257731757925071,0.04423923998501089
-0.008247811757925071,0.04055998737022892
-0.008237891757925071,0.04055998737023059
-0.008227971757925071,0.04791849259978762
-0.008218051757925072,0.04423923998500922
-0.008208131757925072,0.05159774521457628
-0.008198211757925072,0.03320148214066688
-0.008188291757925072,0.03320148214066521
-0.008178371757925072,0.04791849259979264
-0.008168451757925072,0.05159774521457461
-0.008158531757925072,0.04423923998501089
-0.008148611757925072,0.04791849259979264
-0.008138691757925072,0.05527699782935636
-0.008128771757925072,0.03688073475544718
-0.008118851757925072,0.02952222952588346
-0.008108931757925071,0.04423923998501089
-0.008099011757925071,0.04791849259979264
-0.008089091757925071,0.02952222952588346
-0.008079171757925071,0.06631475567370182
-0.008069251757925071,0.05159774521457461
-0.008059331757925071,0.03320148214066521
-0.008049411757925071,0.02584297691110171
-0.008039491757925071,0.04791849259979264
-0.008029571757925071,0.04791849259979264
-0.008019651757925071,0.04055998737022892
-0.008009731757925071,0.04423923998500922
-0.007999811757925071,0.03320148214066353
-0.007989891757925071,0.04055998737022892
-0.007979971757925071,0.05527699782935803
-0.007970051757925072,0.07367326090326386
-0.007960131757925072,0.05527699782935803
-0.007950211757925072,0.06999400828848044
-0.007940291757925072,0.06263550305892342
-0.007930371757925072,0.04423923998501256
-0.007920451757925072,0.04423923998501089
-0.007910531757925072,0.04423923998501089
-0.007900611757925072,0.04055998737022892
-0.007890691757925072,0.04055998737022892
-0.007880771757925072,0.03320148214066521
-0.007870851757925072,0.04423923998501089
-0.007860931757925071,0.03320148214066521
-0.007851011757925071,0.03688073475544718
-0.007841091757925071,0.04423923998501089
-0.007831171757925071,0.04423923998501089
-0.007821251757925071,0.04791849259979264
-0.007811331757925072,0.04791849259979264
-0.007801411757925072,0.03688073475544718
-0.007791491757925072,0.04423923998501089
-0.007781571757925072,0.03688073475544718
-0.007771651757925072,0.04791849259979264
-0.007761731757925072,0.05527699782935803
-0.007751811757925072,0.04423923998500922
-0.007741891757925072,0.04055998737023059
-0.007731971757925071,0.03688073475545052
-0.007722051757925071,0.0589562504441381
-0.007712131757925073,0.06631475567369848
-0.007702211757925073,0.05159774521457294
-0.007692291757925073,0.04055998737023059
-0.007682371757925073,0.03688073475544885
-0.007672451757925073,0.04055998737022892
-0.007662531757925073,0.05527699782935636
-0.007652611757925073,0.05159774521457461
-0.007642691757925073,0.0589562504441381
-0.007632771757925073,0.04055998737022892
-0.007622851757925072,0.03688073475544718
-0.007612931757925072,0.04055998737022892
-0.007603011757925072,0.04423923998501089
-0.007593091757925072,0.05527699782935636
-0.007583171757925072,0.05159774521457461
-0.007573251757925072,0.05527699782935636
-0.007563331757925072,0.05159774521457461
-0.007553411757925072,0.06263550305892007
-0.007543491757925072,0.06263550305892007
-0.007533571757925072,0.02952222952588346
-0.007523651757925072,0.04791849259979264
-0.007513731757925072,0.0589562504441381
-0.007503811757925072,0.04791849259979097
-0.007493891757925072,0.04423923998501089
-0.007483971757925072,0.07367326090326554
-0.007474051757925071,0.05159774521457126
-0.007464131757925073,0.04055998737023059
-0.007454211757925073,0.04791849259979097
-0.007444291757925073,0.04055998737023059
-0.007434371757925073,0.04055998737023059
-0.007424451757925073,0.03688073475544718
-0.007414531757925073,0.04423923998501089
-0.007404611757925072,0.04055998737022892
-0.007394691757925073,0.04055998737022892
-0.007384771757925073,0.02952222952588346
-0.007374851757925073,0.05159774521457461
-0.007364931757925072,0.04423923998501089
-0.007355011757925072,0.04423923998501089
-0.007345091757925072,0.04423923998501089
-0.007335171757925072,0.04791849259979264
-0.007325251757925072,0.04055998737022892
-0.007315331757925072,0.02584297691110171
-0.007305411757925072,0.0589562504441381
-0.007295491757925072,0.04423923998501089
-0.007285571757925072,0.04055998737022892
-0.007275651757925072,0.04055998737022892
-0.007265731757925073,0.04423923998501089
-0.007255811757925073,0.04791849259979264
-0.007245891757925072,0.03320148214066521
-0.007235971757925072,0.03688073475544718
-0.007226051757925072,0.05159774521457461
-0.007216131757925072,0.04423923998501089
-0.007206211757925072,0.04423923998501089
-0.007196291757925072,0.04055998737022892
-0.007186371757925072,0.02216372429631974
-0.007176451757925072,0.04791849259979264
-0.007166531757925072,0.04791849259979264
-0.007156611757925072,0.04423923998501089
-0.007146691757925073,0.04423923998501089
-0.007136771757925073,0.05159774521457461
-0.007126851757925073,0.03688073475544718
-0.007116931757925072,0.04055998737022892
-0.007107011757925072,0.05159774521457461
-0.007097091757925072,0.04791849259979264
-0.007087171757925072,0.06263550305892007
-0.007077251757925072,0.05159774521457461
-0.007067331757925072,0.04791849259979264
-0.007057411757925072,0.04055998737022892
-0.007047491757925072,0.04055998737022892
-0.007037571757925072,0.05527699782935636
-0.007027651757925072,0.04423923998501089
-0.007017731757925073,0.03320148214066521
-0.007007811757925073,0.03688073475544718
-0.006997891757925073,0.05527699782935636
-0.006987971757925072,0.03688073475544718
-0.006978051757925072,0.04055998737022892
-0.006968131757925072,0.04423923998501089
-0.006958211757925072,0.04423923998501089
-0.006948291757925072,0.04423923998501089
-0.006938371757925072,0.04791849259979264
-0.006928451757925072,0.04055998737022892
-0.006918531757925072,0.04423923998501089
-0.006908611757925072,0.04791849259979264
-0.006898691757925072,0.03688073475544718
-0.006888771757925073,0.03688073475544718
-0.006878851757925073,0.04055998737022892
-0.006868931757925073,0.03688073475544718
-0.006859011757925072,0.05159774521457461
-0.006849091757925072,0.04423923998501089
-0.006839171757925072,0.03688073475544718
-0.006829251757925072,0.06631475567370182
-0.006819331757925072,0.05527699782935636
-0.006809411757925072,0.02952222952588346
-0.006799491757925072,0.03688073475544718
-0.006789571757925072,0.06631475567370182
-0.006779651757925072,0.09942802920673843
-0.006769731757925072,0.05527699782935636
-0.006759811757925073,0.04423923998501089
-0.006749891757925073,0.04423923998501089
-0.006739971757925073,0.05159774521457461
-0.006730051757925072,0.0589562504441381
-0.006720131757925072,0.04791849259979264
-0.006710211757925072,0.04055998737022892
-0.006700291757925072,0.04791849259979264
-0.006690371757925072,0.04055998737022892
-0.006680451757925072,0.03320148214066521
-0.006670531757925072,0.03688073475544718
-0.006660611757925072,0.02952222952588346
-0.006650691757925072,0.04791849259979264
-0.006640771757925072,0.04055998737022892
-0.006630851757925073,0.04423923998501089
-0.006620931757925073,0.04055998737022892
-0.006611011757925073,0.03688073475544718
-0.006601091757925072,0.06263550305892007
-0.006591171757925072,0.04423923998501089
-0.006581251757925072,0.05159774521457461
-0.006571331757925072,0.05527699782935636
-0.006561411757925072,0.04055998737022892
-0.006551491757925072,0.02952222952588346
-0.006541571757925072,0.04423923998501089
-0.006531651757925072,0.05159774521457461
-0.006521731757925072,0.0589562504441381
-0.006511811757925073,0.06999400828848379
-0.006501891757925073,0.05527699782935636
-0.006491971757925073,0.04423923998501089
-0.006482051757925072,0.04055998737022892
-0.006472131757925072,0.04423923998501089
-0.006462211757925072,0.05159774521457461
-0.006452291757925072,0.03688073475544718
-0.006442371757925072,0.04055998737022892
-0.006432451757925072,0.04055998737022892
-0.006422531757925072,0.04791849259979264
-0.006412611757925072,0.05159774521457461
-0.006402691757925072,0.03688073475544718
-0.006392771757925072,0.04055998737022892
-0.006382851757925073,0.03688073475544718
-0.006372931757925073,0.05159774521457461
-0.006363011757925073,0.04791849259979264
-0.006353091757925072,0.04791849259979264
-0.006343171757925072,0.04055998737022892
-0.006333251757925072,0.04055998737022892
-0.006323331757925072,0.03320148214066521
-0.006313411757925072,0.03688073475544718
-0.006303491757925072,0.03320148214066521
-0.006293571757925072,0.04055998737022892
-0.006283651757925072,0.05527699782935636
-0.006273731757925072,0.03688073475544718
-0.006263811757925072,0.04055998737022892
-0.006253891757925073,0.04423923998501089
-0.006243971757925073,0.04791849259979264
-0.006234051757925073,0.04423923998501089
-0.006224131757925072,0.04423923998501089
-0.006214211757925072,0.04791849259979264
-0.006204291757925072,0.02584297691110171
-0.006194371757925072,0.05159774521457461
-0.006184451757925072,0.04055998737022892
-0.006174531757925072,0.04055998737022892
-0.006164611757925072,0.0589562504441381
-0.006154691757925072,0.04791849259979264
-0.006144771757925072,0.04055998737022892
-0.006134851757925072,0.04791849259979264
-0.006124931757925073,0.03320148214066521
-0.006115011757925073,0.04423923998501089
-0.006105091757925073,0.04055998737022892
-0.006095171757925072,0.04791849259979264
-0.006085251757925072,0.05527699782935636
-0.006075331757925072,0.05159774521457461
-0.006065411757925072,0.04423923998501089
-0.006055491757925072,0.0589562504441381
-0.006045571757925072,0.03688073475544718
-0.006035651757925072,0.0589562504441381
-0.006025731757925072,0.04055998737022892
-0.006015811757925072,0.04791849259979264
-0.006005891757925072,0.04791849259979264
-0.005995971757925073,0.04423923998501089
-0.005986051757925073,0.03320148214066521
-0.005976131757925073,0.04791849259979264
-0.005966211757925072,0.04791849259979264
-0.005956291757925072,0.04791849259979264
-0.005946371757925072,0.04423923998501089
-0.005936451757925072,0.04423923998501089
-0.005926531757925072,0.04423923998501089
-0.005916611757925072,0.04055998737022892
-0.005906691757925072,0.05527699782935636
-0.005896771757925072,0.05527699782935636
-0.005886851757925072,0.03688073475544718
-0.005876931757925073,0.04791849259979264
-0.005867011757925073,0.05159774521457461
-0.005857091757925073,0.03688073475544718
-0.005847171757925072,0.04055998737022892
-0.005837251757925072,0.04791849259979264
-0.005827331757925072,0.02952222952588346
-0.005817411757925072,0.04791849259979264
-0.005807491757925072,0.04055998737022892
-0.005797571757925072,0.05527699782935636
-0.005787651757925072,0.04423923998501089
-0.005777731757925072,0.04055998737022892
-0.005767811757925072,0.0589562504441381
-0.005757891757925072,0.03320148214066521
-0.005747971757925073,0.03320148214066521
-0.005738051757925073,0.04055998737022892
-0.005728131757925073,0.04791849259979264
-0.005718211757925072,0.04055998737022892
-0.005708291757925072,0.04055998737022892
-0.005698371757925072,0.04055998737022892
-0.005688451757925072,0.04423923998501089
-0.005678531757925072,0.05527699782935636
-0.005668611757925072,0.03688073475544718
-0.005658691757925072,0.03688073475544718
-0.005648771757925072,0.04791849259979264
-0.005638851757925072,0.04423923998501089
-0.005628931757925072,0.02952222952588346
-0.005619011757925073,0.04055998737022892
-0.005609091757925073,0.04055998737022892
-0.005599171757925073,0.04423923998501089
-0.005589251757925072,0.05159774521457461
-0.005579331757925072,0.04423923998501089
-0.005569411757925072,0.04055998737022892
-0.005559491757925072,0.04423923998501089
-0.005549571757925072,0.04791849259979264
-0.005539651757925072,0.03688073475544718
-0.005529731757925072,0.03320148214066521
-0.005519811757925072,0.02952222952588346
-0.005509891757925072,0.03688073475544718
-0.005499971757925072,0.05527699782935636
-0.005490051757925073,0.05159774521457461
-0.005480131757925073,0.04791849259979264
-0.005470211757925073,0.05159774521457461
-0.005460291757925072,0.04423923998501089
-0.005450371757925072,0.03688073475544718
-0.005440451757925072,0.03320148214066521
-0.005430531757925072,0.04055998737022892
-0.005420611757925072,0.03688073475544718
-0.005410691757925072,0.04055998737022892
-0.005400771757925072,0.03688073475544718
-0.005390851757925072,0.04055998737022892
-0.005380931757925072,0.04791849259979264
-0.005371011757925072,0.05527699782935636
-0.005361091757925073,0.04791849259979264
-0.005351171757925073,0.03688073475544718
-0.005341251757925073,0.03688073475544718
-0.005331331757925072,0.04423923998501089
-0.005321411757925072,0.04423923998501089
-0.005311491757925072,0.04055998737022892
-0.005301571757925072,0.04055998737022892
-0.005291651757925072,0.06263550305892007
-0.005281731757925072,0.04791849259979264
-0.005271811757925072,0.0589562504441381
-0.005261891757925072,0.04791849259979264
-0.005251971757925072,0.04055998737022892
-0.005242051757925073,0.04423923998501089
-0.005232131757925073,0.04423923998501089
-0.005222211757925073,0.05159774521457461
-0.005212291757925073,0.0589562504441381
-0.005202371757925072,0.04791849259979264
-0.005192451757925072,0.04423923998501089
-0.005182531757925072,0.05159774521457461
-0.005172611757925072,0.04423923998501089
-0.005162691757925072,0.04423923998501089
-0.005152771757925072,0.04055998737022892
-0.005142851757925072,0.04791849259979264
-0.005132931757925072,0.06631475567370182
-0.005123011757925072,0.05159774521457461
-0.005113091757925073,0.05527699782935636
-0.005103171757925073,0.04055998737022892
-0.005093251757925073,0.03688073475544718
-0.005083331757925072,0.04791849259979264
-0.005073411757925072,0.06263550305892007
-0.005063491757925072,0.04423923998501089
-0.005053571757925072,0.04055998737022892
-0.005043651757925072,0.03320148214066521
-0.005033731757925072,0.04423923998501089
-0.005023811757925072,0.06263550305892007
-0.005013891757925072,0.04423923998501089
-0.005003971757925072,0.03320148214066521
-0.004994051757925072,0.02952222952588346
-0.004984131757925073,0.04055998737022892
-0.004974211757925073,0.04791849259979264
-0.004964291757925073,0.05159774521457461
-0.004954371757925072,0.04791849259979264
-0.004944451757925072,0.04423923998501089
-0.004934531757925072,0.04055998737022892
-0.004924611757925072,0.04055998737022892
-0.004914691757925072,0.03320148214066521
-0.004904771757925072,0.03320148214066521
-0.004894851757925072,0.04423923998501089
-0.004884931757925072,0.0589562504441381
-0.004875011757925072,0.04423923998501089
-0.004865091757925072,0.05159774521457461
-0.004855171757925073,0.03688073475544718
-0.004845251757925073,0.04055998737022892
-0.004835331757925073,0.04423923998501089
-0.004825411757925072,0.05527699782935636
-0.004815491757925072,0.04055998737022892
-0.004805571757925072,0.04423923998501089
-0.004795651757925072,0.04791849259979264
-0.004785731757925072,0.04055998737022892
-0.004775811757925072,0.04055998737022892
-0.004765891757925072,0.05159774521457461
-0.004755971757925072,0.05527699782935636
-0.004746051757925072,0.04791849259979264
-0.004736131757925072,0.04055998737022892
-0.004726211757925073,0.04423923998501089
-0.004716291757925073,0.04791849259979264
-0.004706371757925073,0.04423923998501089
-0.004696451757925072,0.04791849259979264
-0.004686531757925072,0.04055998737022892
-0.004676611757925072,0.04423923998501089
-0.004666691757925072,0.04423923998501089
-0.004656771757925072,0.0589562504441381
-0.004646851757925072,0.06263550305892007
-0.004636931757925072,0.05159774521457461
-0.004627011757925072,0.04423923998501089
-0.004617091757925072,0.04055998737022892
-0.004607171757925073,0.02584297691110171
-0.004597251757925073,0.05527699782935636
-0.004587331757925073,0.02952222952588346
-0.004577411757925073,0.04791849259979264
-0.004567491757925072,0.03688073475544718
-0.004557571757925072,0.04055998737022892
-0.004547651757925072,0.04791849259979264
-0.004537731757925072,0.03688073475544718
-0.004527811757925072,0.04423923998501089
-0.004517891757925072,0.03688073475544718
-0.004507971757925072,0.03688073475544718
-0.004498051757925072,0.05159774521457461
-0.004488131757925072,0.03688073475544718
-0.004478211757925073,0.05527699782935636
-0.004468291757925073,0.06999400828848379
-0.004458371757925073,0.04423923998501089
-0.004448451757925072,0.02952222952588346
-0.004438531757925072,0.04055998737022892
-0.004428611757925072,0.04423923998501089
-0.004418691757925072,0.03688073475544718
-0.004408771757925072,0.04791849259979264
-0.004398851757925072,0.03320148214066521
-0.004388931757925072,0.03320148214066521
-0.004379011757925072,0.03688073475544718
-0.004369091757925072,0.04055998737022892
-0.004359171757925072,0.04055998737022892
-0.004349251757925073,0.04055998737022892
-0.004339331757925073,0.03688073475544718
-0.004329411757925073,0.03320148214066521
-0.004319491757925072,0.03688073475544718
-0.004309571757925072,0.05527699782935636
-0.004299651757925072,0.03688073475544718
-0.004289731757925072,0.04791849259979264
-0.004279811757925072,0.04055998737022892
-0.004269891757925072,0.05159774521457461
-0.004259971757925072,0.05527699782935636
-0.004250051757925072,0.05159774521457461
-0.004240131757925072,0.04423923998501089
-0.004230211757925072,0.04423923998501089
-0.004220291757925073,0.04423923998501089
-0.004210371757925073,0.04791849259979264
-0.004200451757925073,0.04423923998501089
-0.004190531757925072,0.03688073475544718
-0.004180611757925072,0.04791849259979264
-0.004170691757925072,0.03688073475544718
-0.004160771757925072,0.04423923998501089
-0.004150851757925072,0.04791849259979264
-0.004140931757925072,0.04423923998501089
-0.004131011757925072,0.03688073475544718
-0.004121091757925072,0.04423923998501089
-0.004111171757925072,0.04423923998501089
-0.004101251757925072,0.02952222952588346
-0.004091331757925073,0.04791849259979264
-0.004081411757925073,0.04791849259979264
-0.004071491757925073,0.04055998737022892
-0.004061571757925072,0.04791849259979264
-0.004051651757925072,0.03320148214066521
-0.004041731757925072,0.03320148214066521
-0.004031811757925072,0.04791849259979264
-0.004021891757925072,0.04055998737022892
-0.004011971757925072,0.03688073475544718
-0.004002051757925072,0.04423923998501089
-0.003992131757925072,0.04423923998501089
-0.003982211757925072,0.04791849259979264
-0.003972291757925073,0.04055998737022892
-0.003962371757925073,0.03320148214066521
-0.003952451757925073,0.04791849259979264
-0.003942531757925073,0.04055998737022892
-0.003932611757925072,0.04423923998501089
-0.003922691757925072,0.05159774521457461
-0.003912771757925072,0.04055998737022892
-0.003902851757925072,0.04423923998501089
-0.003892931757925072,0.04055998737022892
-0.003883011757925072,0.04055998737022892
-0.003873091757925072,0.04055998737022892
-0.003863171757925072,0.05159774521457461
-0.003853251757925071,0.02952222952588346
-0.003843331757925072,0.04423923998501089
-0.003833411757925072,0.03688073475544718
-0.003823491757925072,0.02952222952588346
-0.003813571757925072,0.04055998737022892
-0.003803651757925072,0.06631475567370182
-0.003793731757925072,0.04423923998501089
-0.003783811757925072,0.04423923998501089
-0.003773891757925072,0.0589562504441381
-0.003763971757925072,0.06263550305892007
-0.003754051757925072,0.04791849259979264
-0.003744131757925072,0.02952222952588346
-0.003734211757925072,0.05527699782935636
-0.003724291757925071,0.05527699782935636
-0.003714371757925072,0.03320148214066521
-0.003704451757925072,0.03688073475544718
-0.003694531757925072,0.04791849259979264
-0.003684611757925072,0.03688073475544718
-0.003674691757925072,0.04791849259979264
-0.003664771757925072,0.06263550305892007
-0.003654851757925072,0.04791849259979264
-0.003644931757925072,0.06631475567370182
-0.003635011757925072,0.04055998737022892
-0.003625091757925072,0.03688073475544718
-0.003615171757925072,0.02952222952588346
-0.003605251757925072,0.03320148214066521
-0.003595331757925071,0.05159774521457461
-0.003585411757925072,0.06263550305892007
-0.003575491757925072,0.05527699782935636
-0.003565571757925072,0.06631475567370182
-0.003555651757925072,0.04791849259979264
-0.003545731757925072,0.04055998737022892
-0.003535811757925072,0.0589562504441381
-0.003525891757925072,0.06263550305892007
-0.003515971757925072,0.04055998737022892
-0.003506051757925072,0.04423923998501089
-0.003496131757925072,0.05159774521457461
-0.003486211757925072,0.04791849259979264
-0.003476291757925072,0.03320148214066521
-0.003466371757925072,0.04055998737022892
-0.003456451757925072,0.03688073475544718
-0.003446531757925072,0.04423923998501089
-0.003436611757925072,0.04423923998501089
-0.003426691757925072,0.04055998737022892
-0.003416771757925072,0.02952222952588346
-0.003406851757925072,0.03320148214066521
-0.003396931757925072,0.03688073475544718
-0.003387011757925072,0.06263550305892007
-0.003377091757925072,0.0589562504441381
-0.003367171757925072,0.04791849259979264
-0.003357251757925072,0.05527699782935636
-0.003347331757925072,0.0589562504441381
-0.003337411757925072,0.03688073475544718
-0.003327491757925072,0.03688073475544718
-0.003317571757925072,0.04055998737022892
-0.003307651757925072,0.04423923998501089
-0.003297731757925072,0.04791849259979264
-0.003287811757925072,0.04791849259979264
-0.003277891757925072,0.04423923998501089
-0.003267971757925072,0.04055998737022892
-0.003258051757925072,0.05527699782935636
-0.003248131757925072,0.04791849259979264
-0.003238211757925072,0.03320148214066521
-0.003228291757925072,0.08103176613282925
-0.003218371757925072,0.0589562504441381
-0.003208451757925072,0.04055998737022892
-0.003198531757925072,0.04423923998501089
-0.003188611757925072,0.04423923998501089
-0.003178691757925072,0.05159774521457461
-0.003168771757925072,0.06999400828848379
-0.003158851757925072,0.06263550305892007
-0.003148931757925072,0.04791849259979264
-0.003139011757925072,0.03688073475544718
-0.003129091757925072,0.03688073475544718
-0.003119171757925072,0.04055998737022892
-0.003109251757925072,0.04423923998501089
-0.003099331757925072,0.04791849259979264
-0.003089411757925072,0.04423923998501089
-0.003079491757925072,0.03688073475544718
-0.003069571757925072,0.04055998737022892
-0.003059651757925072,0.04055998737022892
-0.003049731757925072,0.04791849259979264
-0.003039811757925072,0.03688073475544718
-0.003029891757925072,0.05159774521457461
-0.003019971757925072,0.04055998737022892
-0.003010051757925072,0.03320148214066521
-0.003000131757925072,0.05159774521457461
-0.002990211757925072,0.03688073475544718
-0.002980291757925072,0.04055998737022892
-0.002970371757925072,0.0589562504441381
-0.002960451757925072,0.04791849259979264
-0.002950531757925072,0.03320148214066521
-0.002940611757925072,0.04423923998501089
-0.002930691757925072,0.04055998737022892
-0.002920771757925072,0.02584297691110171
-0.002910851757925072,0.04055998737022892
-0.002900931757925072,0.04791849259979264
-0.002891011757925072,0.03688073475544718
-0.002881091757925072,0.05527699782935636
-0.002871171757925072,0.05527699782935636
-0.002861251757925072,0.03688073475544718
-0.002851331757925072,0.05159774521457461
-0.002841411757925072,0.05527699782935636
-0.002831491757925072,0.03688073475544718
-0.002821571757925072,0.03688073475544718
-0.002811651757925072,0.04791849259979264
-0.002801731757925072,0.04791849259979264
-0.002791811757925072,0.03320148214066521
-0.002781891757925072,0.06631475567370182
-0.002771971757925072,0.04423923998501089
-0.002762051757925072,0.05159774521457461
-0.002752131757925072,0.04791849259979264
-0.002742211757925072,0.04423923998501089
-0.002732291757925072,0.05527699782935636
-0.002722371757925072,0.02952222952588346
-0.002712451757925072,0.04791849259979264
-0.002702531757925072,0.04055998737022892
-0.002692611757925072,0.03688073475544718
-0.002682691757925072,0.0589562504441381
-0.002672771757925072,0.03688073475544718
-0.002662851757925072,0.04055998737022892
-0.002652931757925072,0.03688073475544718
-0.002643011757925072,0.03320148214066521
-0.002633091757925072,0.04791849259979264
-0.002623171757925072,0.03320148214066521
-0.002613251757925072,0.04791849259979264
-0.002603331757925072,0.03688073475544718
-0.002593411757925072,0.04423923998501089
-0.002583491757925072,0.04791849259979264
-0.002573571757925072,0.04791849259979264
-0.002563651757925072,0.03688073475544718
-0.002553731757925072,0.04055998737022892
-0.002543811757925072,0.06263550305892007
-0.002533891757925072,0.04055998737022892
-0.002523971757925072,0.04791849259979264
-0.002514051757925072,0.04423923998501089
-0.002504131757925072,0.03320148214066521
-0.002494211757925072,0.03688073475544718
-0.002484291757925072,0.04055998737022892
-0.002474371757925072,0.04791849259979264
-0.002464451757925072,0.03688073475544718
-0.002454531757925072,0.04423923998501089
-0.002444611757925072,0.04791849259979264
-0.002434691757925072,0.04423923998501089
-0.002424771757925072,0.05159774521457461
-0.002414851757925072,0.03320148214066521
-0.002404931757925072,0.03320148214066521
-0.002395011757925072,0.04423923998501089
-0.002385091757925072,0.04423923998501089
-0.002375171757925072,0.04055998737022892
-0.002365251757925072,0.03320148214066521
-0.002355331757925072,0.04055998737022892
-0.002345411757925072,0.03688073475544718
-0.002335491757925072,0.04423923998501089
-0.002325571757925072,0.04423923998501089
-0.002315651757925072,0.02952222952588346
-0.002305731757925072,0.04055998737022892
-0.002295811757925072,0.03320148214066521
-0.002285891757925072,0.02952222952588346
-0.002275971757925072,0.05159774521457461
-0.002266051757925072,0.04791849259979264
-0.002256131757925072,0.03688073475544718
-0.002246211757925072,0.04423923998501089
-0.002236291757925072,0.04423923998501089
-0.002226371757925072,0.05159774521457461
-0.002216451757925072,0.05159774521457461
-0.002206531757925072,0.02952222952588346
-0.002196611757925072,0.05159774521457461
-0.002186691757925072,0.04055998737022892
-0.002176771757925072,0.0589562504441381
-0.002166851757925072,0.06263550305892007
-0.002156931757925072,0.04423923998501089
-0.002147011757925072,0.05159774521457461
-0.002137091757925072,0.04423923998501089
-0.002127171757925072,0.04791849259979264
-0.002117251757925072,0.04423923998501089
-0.002107331757925072,0.04791849259979264
-0.002097411757925072,0.04055998737022892
-0.002087491757925072,0.04423923998501089
-0.002077571757925072,0.03688073475544718
-0.002067651757925072,0.04423923998501089
-0.002057731757925072,0.03688073475544718
-0.002047811757925072,0.03688073475544718
-0.002037891757925072,0.04791849259979264
-0.002027971757925072,0.04791849259979264
-0.002018051757925072,0.04791849259979264
-0.002008131757925072,0.04791849259979264
-0.001998211757925072,0.04055998737022892
-0.001988291757925072,0.04423923998501089
-0.001978371757925072,0.05527699782935636
-0.001968451757925072,0.03688073475544718
-0.001958531757925072,0.05527699782935636
-0.001948611757925072,0.04423923998501089
-0.001938691757925072,0.04055998737022892
-0.001928771757925072,0.04055998737022892
-0.001918851757925072,0.03320148214066521
-0.001908931757925072,0.04791849259979264
-0.001899011757925072,0.06631475567370182
-0.001889091757925072,0.03688073475544718
-0.001879171757925072,0.04423923998501089
-0.001869251757925072,0.05159774521457461
-0.001859331757925072,0.04423923998501089
-0.001849411757925072,0.03320148214066521
-0.001839491757925072,0.05527699782935636
-0.001829571757925072,0.03320148214066521
-0.001819651757925072,0.04423923998501089
-0.001809731757925072,0.05159774521457461
-0.001799811757925072,0.04791849259979264
-0.001789891757925072,0.04791849259979264
-0.001779971757925072,0.0589562504441381
-0.001770051757925072,0.04055998737022892
-0.001760131757925072,0.04055998737022892
-0.001750211757925072,0.06263550305892007
-0.001740291757925072,0.03320148214066521
-0.001730371757925072,0.02952222952588346
-0.001720451757925072,0.05527699782935636
-0.001710531757925072,0.05159774521457461
-0.001700611757925072,0.04791849259979264
-0.001690691757925072,0.02952222952588346
-0.001680771757925072,0.04423923998501089
-0.001670851757925072,0.04791849259979264
-0.001660931757925072,0.04055998737022892
-0.001651011757925072,0.04055998737022892
-0.001641091757925072,0.04423923998501089
-0.001631171757925072,0.04791849259979264
-0.001621251757925072,0.04791849259979264
-0.001611331757925072,0.04423923998501089
-0.001601411757925072,0.04055998737022892
-0.001591491757925072,0.03688073475544718
-0.001581571757925072,0.04055998737022892
-0.001571651757925072,0.04791849259979264
-0.001561731757925072,0.04423923998501089
-0.001551811757925072,0.03688073475544718
-0.001541891757925072,0.02952222952588346
-0.001531971757925072,0.04791849259979264
-0.001522051757925072,0.04423923998501089
-0.001512131757925072,0.03688073475544718
-0.001502211757925072,0.06999400828848379
-0.001492291757925072,0.06999400828848379
-0.001482371757925072,0.03688073475544718
-0.001472451757925072,0.05159774521457461
-0.001462531757925072,0.05159774521457461
-0.001452611757925072,0.05527699782935636
-0.001442691757925072,0.04055998737022892
-0.001432771757925072,0.04423923998501089
-0.001422851757925072,0.04055998737022892
-0.001412931757925072,0.06263550305892007
-0.001403011757925072,0.05527699782935636
-0.001393091757925072,0.04423923998501089
-0.001383171757925072,0.05527699782935636
-0.001373251757925072,0.04423923998501089
-0.001363331757925072,0.03320148214066521
-0.001353411757925072,0.04055998737022892
-0.001343491757925072,0.05159774521457461
-0.001333571757925072,0.04791849259979264
-0.001323651757925072,0.04423923998501089
-0.001313731757925072,0.04423923998501089
-0.001303811757925072,0.03688073475544718
-0.001293891757925072,0.0589562504441381
-0.001283971757925072,0.05527699782935636
-0.001274051757925072,0.05527699782935636
-0.001264131757925072,0.06631475567370182
-0.001254211757925072,0.04055998737022892
-0.001244291757925072,0.04423923998501089
-0.001234371757925072,0.03688073475544718
-0.001224451757925072,0.04055998737022892
-0.001214531757925072,0.03688073475544718
-0.001204611757925072,0.03688073475544718
-0.001194691757925072,0.04423923998501089
-0.001184771757925072,0.0589562504441381
-0.001174851757925072,0.07367326090326554
-0.001164931757925072,0.04791849259979264
-0.001155011757925072,0.04791849259979264
-0.001145091757925072,0.05159774521457461
-0.001135171757925072,0.04791849259979264
-0.001125251757925072,0.04055998737022892
-0.001115331757925072,0.04423923998501089
-0.001105411757925072,0.04423923998501089
-0.001095491757925072,0.03320148214066521
-0.001085571757925072,0.03320148214066521
-0.001075651757925072,0.03688073475544718
-0.001065731757925072,0.05527699782935636
-0.001055811757925072,0.07735251351804728
-0.001045891757925072,0.05159774521457461
-0.001035971757925072,0.05159774521457461
-0.001026051757925072,0.04423923998501089
-0.001016131757925072,0.04055998737022892
-0.001006211757925072,0.04423923998501089
-0.0009962917579250719,0.03320148214066521
-0.0009863717579250719,0.02952222952588346
-0.0009764517579250719,0.04791849259979264
-0.0009665317579250721,0.04423923998501089
-0.000956611757925072,0.03688073475544718
-0.0009466917579250719,0.04423923998501089
-0.0009367717579250721,0.02952222952588346
-0.000926851757925072,0.04055998737022892
-0.0009169317579250719,0.05527699782935636
-0.0009070117579250721,0.05159774521457461
-0.000897091757925072,0.08103176613282925
-0.000887171757925072,0.05527699782935636
-0.0008772517579250721,0.04423923998501089
-0.000867331757925072,0.04423923998501089
-0.000857411757925072,0.04423923998501089
-0.0008474917579250721,0.04791849259979264
-0.000837571757925072,0.07735251351804728
-0.000827651757925072,0.03320148214066521
-0.0008177317579250719,0.05159774521457461
-0.0008078117579250721,0.06263550305892007
-0.000797891757925072,0.0589562504441381
-0.0007879717579250719,0.04055998737022892
-0.0007780517579250721,0.04423923998501089
-0.000768131757925072,0.04055998737022892
-0.0007582117579250719,0.03688073475544718
-0.0007482917579250721,0.05159774521457461
-0.000738371757925072,0.04055998737022892
-0.000728451757925072,0.03688073475544718
-0.0007185317579250721,0.03320148214066521
-0.000708611757925072,0.03320148214066521
-0.000698691757925072,0.04423923998501089
-0.0006887717579250721,0.0589562504441381
-0.0006788517579250721,0.04791849259979264
-0.000668931757925072,0.04055998737022892
-0.0006590117579250719,0.04791849259979264
-0.0006490917579250721,0.05527699782935636
-0.000639171757925072,0.04055998737022892
-0.0006292517579250719,0.03688073475544718
-0.0006193317579250721,0.03688073475544718
-0.000609411757925072,0.04423923998501089
-0.0005994917579250719,0.04791849259979264
-0.0005895717579250721,0.03688073475544718
-0.000579651757925072,0.03688073475544718
-0.0005697317579250721,0.05159774521457461
-0.000559811757925072,0.04423923998501089
-0.000549891757925072,0.02952222952588346
-0.000539971757925072,0.04791849259979264
-0.000530051757925072,0.04423923998501089
-0.0005201317579250721,0.02952222952588346
-0.000510211757925072,0.04423923998501089
-0.000500291757925072,0.03688073475544718
-0.0004903717579250721,0.03320148214066521
-0.000480451757925072,0.06263550305892007
-0.000470531757925072,0.05159774521457461
-0.000460611757925072,0.03320148214066521
-0.000450691757925072,0.04055998737022892
-0.0004407717579250721,0.04423923998501089
-0.000430851757925072,0.04423923998501089
-0.000420931757925072,0.04423923998501089
-0.0004110117579250721,0.03320148214066521
-0.000401091757925072,0.03688073475544718
-0.000391171757925072,0.04791849259979264
-0.000381251757925072,0.04791849259979264
-0.000371331757925072,0.05527699782935636
-0.0003614117579250721,0.06263550305892007
-0.000351491757925072,0.07367326090326554
-0.000341571757925072,0.05159774521457461
-0.0003316517579250721,0.03688073475544718
-0.000321731757925072,0.05527699782935636
-0.000311811757925072,0.05527699782935636
-0.000301891757925072,0.04055998737022892
-0.000291971757925072,0.04423923998501089
-0.0002820517579250721,0.05159774521457461
-0.000272131757925072,0.02216372429631974
-0.000262211757925072,0.04055998737022892
-0.0002522917579250721,0.05159774521457461
-0.000242371757925072,0.03320148214066521
-0.000232451757925072,0.04423923998501089
-0.000222531757925072,0.06631475567370182
-0.000212611757925072,-0.01094954923671665
-0.0002026917579250721,-0.007270296621935124
-0.000192771757925072,-0.007270296621935124
-0.000182851757925072,-0.007270296621935124
-0.0001729317579250721,-0.01094954923671665
-0.000163011757925072,-0.007270296621935124
-0.000153091757925072,-0.007270296621935124
-0.000143171757925072,-0.01094954923671665
-0.000133251757925072,-0.007270296621935124
-0.0001233317579250721,-0.01094954923671665
-0.000113411757925072,-0.007270296621935124
-0.000103491757925072,-0.01462880185149862
-9.357175792507207e-05,-0.007270296621935124
-8.3651757925072e-05,-0.003591044007153155
-7.373175792507204e-05,-0.01094954923671665
-6.381175792507203e-05,-0.01094954923671665
-5.389175792507202e-05,-0.007270296621935124
-4.3971757925072e-05,-0.007270296621935124
-3.405175792507204e-05,-0.007270296621935124
-2.413175792507203e-05,-0.007270296621935124
-1.421175792507202e-05,-0.01094954923671665
-4.291757925072004e-06,0.02584297691110171
5.628242074927955e-06,4.128209642392853
1.554824207492797e-05,4.10245487408938
2.546824207492798e-05,4.080379358400689
3.5388242074928e-05,4.058303842711998
4.530824207492795e-05,4.047266084867653
5.522824207492797e-05,4.039907579638088
6.514824207492798e-05,4.028869821793743
7.506824207492799e-05,4.025190569178961
8.498824207492795e-05,4.017832063949397
9.490824207492797e-05,4.017832063949397
0.000104828242074928,4.010473558719834
0.000114748242074928,4.014152811334616
0.000124668242074928,4.014152811334616
0.000134588242074928,4.006794306105052
0.000144508242074928,4.010473558719834
0.000154428242074928,4.010473558719834
0.000164348242074928,4.010473558719834
0.000174268242074928,4.010473558719834
0.000184188242074928,4.006794306105052
0.000194108242074928,4.010473558719834
0.000204028242074928,3.936888506424197
0.000213948242074928,-0.04038357015497152
0.000223868242074928,-0.05510058061409895
0.000233788242074928,-0.05142132799931698
0.000243708242074928,-0.04406282276975348
0.000253628242074928,-0.03670431754018955
0.000263548242074928,-0.02934581231062605
0.0002734682420749279,-0.02198730708106211
0.000283388242074928,-0.01830805446628059
0.000293308242074928,-0.01830805446628059
0.000303228242074928,-0.01094954923671665
0.000313148242074928,0.2539566390275756
0.000323068242074928,4.120851137163289
0.000332988242074928,4.095096368859816
0.000342908242074928,4.073020853171125
0.000352828242074928,4.058303842711998
0.000362748242074928,4.043586832252871
0.000372668242074928,4.032549074408525
0.000382588242074928,4.028869821793743
0.000392508242074928,4.02151131656418
0.000402428242074928,4.017832063949397
0.000412348242074928,4.010473558719834
0.000422268242074928,-0.03302506492540802
0.000432188242074928,-0.04774207538453501
0.0004421082420749279,-0.05142132799931698
0.000452028242074928,-0.04406282276975348
0.000461948242074928,-0.03670431754018955
0.000471868242074928,-0.02934581231062605
0.0004817882420749279,-0.02934581231062605
0.000491708242074928,-0.02198730708106211
0.000501628242074928,-0.01462880185149862
0.0005115482420749279,-0.02198730708106211
0.000521468242074928,0.04055998737022892
0.000531388242074928,4.117171884548507
0.0005413082420749279,4.095096368859816
0.000551228242074928,4.073020853171125
0.0005611482420749279,4.054624590097216
0.0005710682420749279,4.043586832252871
0.000580988242074928,4.032549074408525
0.0005909082420749279,4.028869821793743
0.000600828242074928,4.02151131656418
0.000610748242074928,4.014152811334616
0.000620668242074928,4.017832063949397
0.000630588242074928,-0.03302506492540802
0.0006405082420749279,-0.05142132799931698
0.000650428242074928,-0.05142132799931698
0.000660348242074928,-0.05142132799931698
0.0006702682420749279,-0.04038357015497152
0.000680188242074928,-0.04038357015497152
0.000690108242074928,-0.02566655969584408
0.0007000282420749279,-0.02198730708106211
0.000709948242074928,-0.01830805446628059
0.0007198682420749279,-0.01830805446628059
0.0007297882420749279,8.820860762881466e-05
0.000739708242074928,4.120851137163289
0.000749628242074928,4.091417116245035
0.0007595482420749279,4.076700105785907
0.000769468242074928,4.061983095326779
0.000779388242074928,4.047266084867653
0.000789308242074928,4.036228327023307
0.0007992282420749279,4.025190569178961
0.000809148242074928,4.02151131656418
0.000819068242074928,4.02151131656418
0.0008289882420749279,4.02151131656418
0.000838908242074928,0.2944284177901759
0.000848828242074928,-0.04406282276975348
0.0008587482420749279,-0.05142132799931698
0.000868668242074928,-0.05142132799931698
0.0008785882420749279,-0.04406282276975348
0.0008885082420749279,-0.03670431754018955
0.000898428242074928,-0.02566655969584408
0.0009083482420749279,-0.02198730708106211
0.000918268242074928,-0.01462880185149862
0.000928188242074928,-0.01094954923671665
0.0009381082420749279,-0.01462880185149862
0.000948028242074928,-0.01094954923671665
0.0009579482420749279,-0.007270296621935124
0.000967868242074928,-0.007270296621935124
0.0009777882420749281,-0.007270296621935124
0.0009877082420749279,-0.01094954923671665
0.000997628242074928,-0.003591044007153155
0.001007548242074928,-0.007270296621935124
0.001017468242074928,-0.007270296621935124
0.001027388242074928,-0.007270296621935124
0.001037308242074928,-0.003591044007153155
0.001047228242074928,3.414434635125176
0.001057148242074928,4.113492631933726
0.001067068242074928,4.095096368859816
0.001076988242074928,4.069341600556344
0.001086908242074928,4.061983095326779
0.001096828242074928,4.043586832252871
0.001106748242074928,4.036228327023307
0.001116668242074928,4.028869821793743
0.001126588242074928,4.02151131656418
0.001136508242074928,4.017832063949397
0.001146428242074928,4.010473558719834
0.001156348242074928,4.014152811334616
0.001166268242074928,4.010473558719834
0.001176188242074928,4.010473558719834
0.001186108242074928,4.010473558719834
0.001196028242074928,4.010473558719834
0.001205948242074928,4.010473558719834
0.001215868242074928,4.006794306105052
0.001225788242074928,4.006794306105052
0.001235708242074928,4.006794306105052
0.001245628242074928,4.006794306105052
0.001255548242074928,2.730093648775754
0.001265468242074928,-0.04406282276975348
0.001275388242074928,-0.05510058061409895
0.001285308242074928,-0.04774207538453501
0.001295228242074928,-0.04406282276975348
0.001305148242074928,-0.03302506492540802
0.001315068242074928,-0.02934581231062605
0.001324988242074928,-0.02566655969584408
0.001334908242074928,-0.02198730708106211
0.001344828242074928,-0.01462880185149862
0.001354748242074928,-0.01462880185149862
0.001364668242074928,3.488019687420813
0.001374588242074928,4.106134126704162
0.001384508242074928,4.087737863630252
0.001394428242074928,4.069341600556344
0.001404348242074928,4.054624590097216
0.001414268242074928,4.039907579638088
0.001424188242074928,4.028869821793743
0.001434108242074928,4.025190569178961
0.001444028242074928,4.02151131656418
0.001453948242074928,4.017832063949397
0.001463868242074928,4.010473558719834
0.001473788242074928,-0.04038357015497152
0.001483708242074928,-0.05510058061409895
0.001493628242074928,-0.05510058061409895
0.001503548242074928,-0.04406282276975348
0.001513468242074928,-0.03670431754018955
0.001523388242074928,-0.02934581231062605
0.001533308242074928,-0.02566655969584408
0.001543228242074928,-0.02198730708106211
0.001553148242074928,-0.01830805446628059
0.001563068242074928,-0.01094954923671665
0.001572988242074928,1.836035263383767
0.001582908242074928,4.113492631933726
0.001592828242074928,4.091417116245035
0.001602748242074928,4.069341600556344
0.001612668242074928,4.054624590097216
0.001622588242074928,4.043586832252871
0.001632508242074928,4.036228327023307
0.001642428242074928,4.028869821793743
0.001652348242074928,4.017832063949397
0.001662268242074928,4.014152811334616
0.001672188242074928,4.010473558719834
0.001682108242074928,-0.03302506492540802
0.001692028242074928,-0.05142132799931698
0.001701948242074928,-0.04774207538453501
0.001711868242074928,-0.04774207538453501
0.001721788242074928,-0.04038357015497152
0.001731708242074928,-0.02934581231062605
0.001741628242074928,-0.02566655969584408
0.001751548242074928,-0.02198730708106211
0.001761468242074928,-0.01462880185149862
0.001771388242074928,-0.01462880185149862
0.001781308242074928,0.2576358916423576
0.001791228242074928,4.117171884548507
0.001801148242074928,4.091417116245035
0.001811068242074928,4.076700105785907
0.001820988242074928,4.061983095326779
0.001830908242074928,4.047266084867653
0.001840828242074928,4.036228327023307
0.001850748242074928,4.028869821793743
0.001860668242074928,4.025190569178961
0.001870588242074928,4.017832063949397
0.001880508242074928,4.014152811334616
0.001890428242074928,-0.02934581231062605
0.001900348242074928,-0.04406282276975348
0.001910268242074928,-0.05142132799931698
0.001920188242074928,-0.04774207538453501
0.001930108242074928,-0.04038357015497152
0.001940028242074928,-0.03302506492540802
0.001949948242074928,-0.02934581231062605
0.001959868242074928,-0.02566655969584408
0.001969788242074928,-0.01830805446628059
0.001979708242074928,-0.01094954923671665
0.001989628242074928,-0.01462880185149862
0.001999548242074928,-0.01094954923671665
0.002009468242074928,-0.01094954923671665
0.002019388242074928,-0.007270296621935124
0.002029308242074928,-0.003591044007153155
0.002039228242074928,-0.01094954923671665
0.002049148242074928,-0.007270296621935124
0.002059068242074928,-0.007270296621935124
0.002068988242074928,-0.01094954923671665
0.002078908242074928,-0.007270296621935124
0.002088828242074928,-0.007270296621935124
0.002098748242074928,4.146605905466762
0.002108668242074928,4.106134126704162
0.002118588242074928,4.084058611015471
0.002128508242074928,4.073020853171125
0.002138428242074928,4.054624590097216
0.002148348242074928,4.043586832252871
0.002158268242074928,4.036228327023307
0.002168188242074928,4.028869821793743
0.002178108242074928,4.02151131656418
0.002188028242074928,4.014152811334616
0.002197948242074928,4.014152811334616
0.002207868242074928,4.014152811334616
0.002217788242074928,4.010473558719834
0.002227708242074928,4.010473558719834
0.002237628242074928,4.00311505349027
0.002247548242074928,4.006794306105052
0.002257468242074928,4.010473558719834
0.002267388242074928,4.010473558719834
0.002277308242074928,4.014152811334616
0.002287228242074928,4.006794306105052
0.002297148242074928,4.010473558719834
0.002307068242074928,0.08103176613282925
0.002316988242074928,-0.05142132799931698
0.002326908242074928,-0.05510058061409895
0.002336828242074928,-0.05142132799931698
0.002346748242074928,-0.04406282276975348
0.002356668242074928,-0.03670431754018955
0.002366588242074928,-0.02566655969584408
0.002376508242074928,-0.02198730708106211
0.002386428242074928,-0.02198730708106211
0.002396348242074928,-0.01462880185149862
0.002406268242074928,-0.01094954923671665
0.002416188242074928,4.14292665285198
0.002426108242074928,4.10245487408938
0.002436028242074928,4.084058611015471
0.002445948242074928,4.069341600556344
0.002455868242074928,4.050945337482434
0.002465788242074928,4.039907579638088
0.002475708242074928,4.032549074408525
0.002485628242074928,4.025190569178961
0.002495548242074928,4.02151131656418
0.002505468242074928,4.017832063949397
0.002515388242074928,2.947169553047882
0.002525308242074928,-0.04038357015497152
0.002535228242074928,-0.05510058061409895
0.002545148242074928,-0.04774207538453501
0.002555068242074928,-0.04406282276975348
0.002564988242074928,-0.03670431754018955
0.002574908242074928,-0.02566655969584408
0.002584828242074928,-0.02198730708106211
0.002594748242074928,-0.01830805446628059
0.002604668242074928,-0.01830805446628059
0.002614588242074928,-0.01462880185149862
0.002624508242074928,4.065662347941561
0.002634428242074928,4.106134126704162
0.002644348242074928,4.084058611015471
0.002654268242074928,4.069341600556344
0.002664188242074928,4.054624590097216
0.002674108242074928,4.043586832252871
0.002684028242074928,4.028869821793743
0.002693948242074928,4.025190569178961
0.002703868242074928,4.017832063949397
0.002713788242074928,4.017832063949397
0.002723708242074928,3.999435800875489
0.002733628242074928,-0.04038357015497152
0.002743548242074928,-0.05142132799931698
0.002753468242074928,-0.05142132799931698
0.002763388242074928,-0.04774207538453501
0.002773308242074928,-0.04038357015497152
0.002783228242074928,-0.02934581231062605
0.002793148242074928,-0.02566655969584408
0.002803068242074928,-0.02198730708106211
0.002812988242074928,-0.01830805446628059
0.002822908242074928,-0.01462880185149862
0.002832828242074928,3.190000225623484
0.002842748242074928,4.113492631933726
0.002852668242074928,4.087737863630252
0.002862588242074928,4.069341600556344
0.002872508242074928,4.054624590097216
0.002882428242074928,4.039907579638088
0.002892348242074928,4.036228327023307
0.002902268242074928,4.025190569178961
0.002912188242074928,4.02151131656418
0.002922108242074928,4.017832063949397
0.002932028242074928,4.010473558719834
0.002941948242074928,-0.03670431754018955
0.002951868242074928,-0.04774207538453501
0.002961788242074928,-0.04774207538453501
0.002971708242074928,-0.04406282276975348
0.002981628242074928,-0.03670431754018955
0.002991548242074928,-0.03302506492540802
0.003001468242074928,-0.02566655969584408
0.003011388242074928,-0.02198730708106211
0.003021308242074928,-0.01830805446628059
0.003031228242074928,-0.01462880185149862
0.003041148242074928,-0.01094954923671665
0.003051068242074928,-0.01094954923671665
0.003060988242074928,-0.01094954923671665
0.003070908242074928,-0.01094954923671665
0.003080828242074928,-0.01094954923671665
0.003090748242074928,-0.007270296621935124
0.003100668242074928,-0.01094954923671665
0.003110588242074928,-0.007270296621935124
0.003120508242074928,-0.01094954923671665
0.003130428242074928,-0.007270296621935124
0.003140348242074928,-0.003591044007153155
0.003150268242074928,4.135568147622417
0.003160188242074928,4.10245487408938
0.003170108242074928,4.080379358400689
0.003180028242074928,4.061983095326779
0.003189948242074928,4.047266084867653
0.003199868242074928,4.039907579638088
0.003209788242074928,4.028869821793743
0.003219708242074928,4.025190569178961
0.003229628242074928,4.02151131656418
0.003239548242074928,4.017832063949397
0.003249468242074928,4.010473558719834
0.003259388242074928,4.014152811334616
0.003269308242074928,4.00311505349027
0.003279228242074928,4.006794306105052
0.003289148242074928,4.010473558719834
0.003299068242074928,4.006794306105052
0.003308988242074928,4.00311505349027
0.003318908242074928,4.006794306105052
0.003328828242074928,4.006794306105052
0.003338748242074928,4.006794306105052
0.003348668242074928,4.010473558719834
0.003358588242074928,-0.03670431754018955
0.003368508242074928,-0.05142132799931698
0.003378428242074928,-0.05877983322888047
0.003388348242074928,-0.04774207538453501
0.003398268242074928,-0.04038357015497152
0.003408188242074928,-0.03670431754018955
0.003418108242074928,-0.02934581231062605
0.003428028242074928,-0.02198730708106211
0.003437948242074928,-0.01830805446628059
0.003447868242074928,-0.01462880185149862
0.003457788242074928,-0.01094954923671665
0.003467708242074928,4.128209642392853
0.003477628242074928,4.10245487408938
0.003487548242074928,4.080379358400689
0.003497468242074928,4.065662347941561
0.003507388242074928,4.047266084867653
0.003517308242074928,4.039907579638088
0.003527228242074928,4.032549074408525
0.003537148242074928,4.025190569178961
0.003547068242074928,4.014152811334616
0.003556988242074928,4.014152811334616
0.003566908242074928,0.03320148214066521
0.003576828242074928,-0.04774207538453501
0.003586748242074928,-0.05510058061409895
0.003596668242074928,-0.04774207538453501
0.003606588242074928,-0.04406282276975348
0.003616508242074928,-0.03302506492540802
0.003626428242074928,-0.02566655969584408
0.003636348242074928,-0.02566655969584408
0.003646268242074928,-0.01830805446628059
0.003656188242074928,-0.01830805446628059
0.003666108242074928,-0.01094954923671665
0.003676028242074928,4.135568147622417
0.003685948242074928,4.10245487408938
0.003695868242074928,4.076700105785907
0.003705788242074928,4.061983095326779
0.003715708242074928,4.050945337482434
0.003725628242074928,4.039907579638088
0.003735548242074928,4.025190569178961
0.003745468242074928,4.025190569178961
0.003755388242074928,4.017832063949397
0.003765308242074928,4.014152811334616
0.003775228242074928,1.935375083982876
0.003785148242074928,-0.04774207538453501
0.003795068242074928,-0.05142132799931698
0.003804988242074928,-0.04774207538453501
0.003814908242074928,-0.04406282276975348
0.003824828242074928,-0.03302506492540802
0.003834748242074928,-0.02934581231062605
0.003844668242074928,-0.02566655969584408
0.003854588242074928,-0.01462880185149862
0.003864508242074928,-0.01462880185149862
0.003874428242074928,-0.01094954923671665
0.003884348242074928,4.146605905466762
0.003894268242074928,4.10245487408938
0.003904188242074928,4.084058611015471
0.003914108242074928,4.065662347941561
0.003924028242074928,4.050945337482434
0.003933948242074927,4.039907579638088
0.003943868242074927,4.032549074408525
0.003953788242074928,4.025190569178961
0.003963708242074928,4.017832063949397
0.003973628242074928,4.017832063949397
0.003983548242074928,3.841227938439869
0.003993468242074928,-0.04406282276975348
0.004003388242074928,-0.05142132799931698
0.004013308242074928,-0.04774207538453501
0.004023228242074928,-0.04406282276975348
0.004033148242074928,-0.03670431754018955
0.004043068242074928,-0.02934581231062605
0.004052988242074928,-0.02198730708106211
0.004062908242074927,-0.02198730708106211
0.004072828242074928,-0.01830805446628059
0.004082748242074928,-0.01462880185149862
0.004092668242074928,-0.01094954923671665
0.004102588242074928,-0.007270296621935124
0.004112508242074928,-0.01094954923671665
0.004122428242074928,-0.01094954923671665
0.004132348242074928,-0.01462880185149862
0.004142268242074928,-0.01094954923671665
0.004152188242074928,-0.01094954923671665
0.004162108242074928,-0.007270296621935124
0.004172028242074928,-0.007270296621935124
0.004181948242074927,-0.007270296621935124
0.004191868242074927,0.08103176613282925
0.004201788242074928,4.120851137163289
0.004211708242074928,4.098775621474598
0.004221628242074928,4.080379358400689
0.004231548242074928,4.061983095326779
0.004241468242074928,4.047266084867653
0.004251388242074928,4.039907579638088
0.004261308242074928,4.025190569178961
0.004271228242074928,4.02151131656418
0.004281148242074928,4.017832063949397
0.004291068242074928,4.014152811334616
0.004300988242074928,2.075186683344586
0.004310908242074927,-0.04406282276975348
0.004320828242074927,-0.05142132799931698
0.004330748242074928,-0.04774207538453501
0.004340668242074928,-0.04038357015497152
0.004350588242074928,-0.03302506492540802
0.004360508242074928,-0.02566655969584408
0.004370428242074928,-0.02198730708106211
0.004380348242074928,-0.01830805446628059
0.004390268242074928,-0.01462880185149862
0.004400188242074928,-0.01094954923671665
0.004410108242074927,4.131888895007634
0.004420028242074927,4.098775621474598
0.004429948242074927,4.076700105785907
0.004439868242074927,4.065662347941561
0.004449788242074927,4.047266084867653
0.004459708242074928,4.039907579638088
0.004469628242074928,4.028869821793743
0.004479548242074928,4.025190569178961
0.004489468242074928,4.017832063949397
0.004499388242074928,4.014152811334616
0.004509308242074928,3.46226491911734
0.004519228242074928,-0.04406282276975348
0.004529148242074928,-0.05510058061409895
0.004539068242074927,-0.05142132799931698
0.004548988242074927,-0.04406282276975348
0.004558908242074927,-0.02934581231062605
0.004568828242074927,-0.02934581231062605
0.004578748242074927,-0.02198730708106211
0.004588668242074928,-0.02198730708106211
0.004598588242074928,-0.01830805446628059
0.004608508242074928,-0.01462880185149862
0.004618428242074928,-0.01094954923671665
0.004628348242074928,-0.01462880185149862
0.004638268242074928,-0.01094954923671665
0.004648188242074928,-0.01094954923671665
0.004658108242074927,-0.007270296621935124
0.004668028242074927,-0.007270296621935124
0.004677948242074927,-0.01094954923671665
0.004687868242074927,-0.007270296621935124
0.004697788242074927,-0.003591044007153155
0.004707708242074927,-0.007270296621935124
0.004717628242074928,-0.007270296621935124
0.004727548242074928,-0.003591044007153155
0.004737468242074928,-0.003591044007153155
0.004747388242074928,-0.007270296621935124
0.004757308242074928,-0.007270296621935124
0.004767228242074928,-0.007270296621935124
0.004777148242074928,-0.003591044007153155
0.004787068242074927,-0.01094954923671665
0.004796988242074927,-0.003591044007153155
0.004806908242074927,-0.007270296621935124
0.004816828242074927,-0.01094954923671665
0.004826748242074927,-0.007270296621935124
0.004836668242074928,-0.007270296621935124
0.004846588242074928,-0.003591044007153155
0.004856508242074928,-0.007270296621935124
0.004866428242074928,-0.007270296621935124
0.004876348242074928,-0.007270296621935124
0.004886268242074928,-0.01094954923671665
0.004896188242074928,-0.003591044007153155
0.004906108242074928,-0.01094954923671665
0.004916028242074927,-0.007270296621935124
0.004925948242074927,2.185564261788041
0.004935868242074927,4.120851137163289
0.004945788242074927,4.087737863630252
0.004955708242074927,4.073020853171125
0.004965628242074928,4.058303842711998
0.004975548242074928,4.043586832252871
0.004985468242074928,4.032549074408525
0.004995388242074928,4.025190569178961
0.005005308242074928,4.02151131656418
0.005015228242074928,4.017832063949397
0.005025148242074928,4.014152811334616
0.005035068242074928,3.914812990735506
0.005044988242074927,-0.03670431754018955
0.005054908242074927,-0.05142132799931698
0.005064828242074927,-0.05142132799931698
0.005074748242074927,-0.04406282276975348
0.005084668242074927,-0.03670431754018955
0.005094588242074928,-0.02934581231062605
0.005104508242074928,-0.02566655969584408
0.005114428242074928,-0.01462880185149862
0.005124348242074928,-0.01830805446628059
0.005134268242074928,-0.01094954923671665
0.005144188242074928,4.128209642392853
0.005154108242074928,4.098775621474598
0.005164028242074928,4.076700105785907
0.005173948242074927,4.058303842711998
0.005183868242074927,4.047266084867653
0.005193788242074927,4.039907579638088
0.005203708242074927,4.032549074408525
0.005213628242074927,4.025190569178961
0.005223548242074928,4.02151131656418
0.005233468242074928,4.017832063949397
0.005243388242074928,3.96264327472767
0.005253308242074928,-0.04038357015497152
0.005263228242074928,-0.05510058061409895
0.005273148242074928,-0.04774207538453501
0.005283068242074928,-0.04406282276975348
0.005292988242074927,-0.03670431754018955
0.005302908242074927,-0.02934581231062605
0.005312828242074927,-0.02566655969584408
0.005322748242074927,-0.02198730708106211
0.005332668242074927,-0.01462880185149862
0.005342588242074927,-0.01462880185149862
0.005352508242074928,4.146605905466762
0.005362428242074928,4.109813379318943
0.005372348242074928,4.087737863630252
0.005382268242074928,4.065662347941561
0.005392188242074928,4.054624590097216
0.005402108242074928,4.043586832252871
0.005412028242074928,4.036228327023307
0.005421948242074927,4.025190569178961
0.005431868242074927,4.017832063949397
0.005441788242074927,4.017832063949397
0.005451708242074927,4.014152811334616
0.005461628242074927,4.017832063949397
0.005471548242074928,4.014152811334616
0.005481468242074928,4.010473558719834
0.005491388242074928,4.006794306105052
0.005501308242074928,4.006794306105052
0.005511228242074928,4.010473558719834
0.005521148242074928,4.00311505349027
0.005531068242074928,4.010473558719834
0.005540988242074928,4.010473558719834
0.005550908242074927,4.006794306105052
0.005560828242074927,-0.04038357015497152
0.005570748242074927,-0.05142132799931698
0.005580668242074927,-0.05510058061409895
0.005590588242074927,-0.04774207538453501
0.005600508242074928,-0.04038357015497152
0.005610428242074928,-0.03670431754018955
0.005620348242074928,-0.02934581231062605
0.005630268242074928,-0.02198730708106211
0.005640188242074928,-0.01830805446628059
0.005650108242074928,-0.01830805446628059
0.005660028242074928,-0.01462880185149862
0.005669948242074928,-0.01094954923671665
0.005679868242074927,-0.01094954923671665
0.005689788242074927,-0.01094954923671665
0.005699708242074927,-0.01094954923671665
0.005709628242074927,-0.01094954923671665
0.005719548242074927,-0.01094954923671665
0.005729468242074928,-0.01094954923671665
0.005739388242074928,-0.01094954923671665
0.005749308242074928,-0.007270296621935124
0.005759228242074928,-0.007270296621935124
0.005769148242074928,-0.01094954923671665
0.005779068242074928,-0.01094954923671665
0.005788988242074928,-0.007270296621935124
0.005798908242074928,-0.007270296621935124
0.005808828242074927,-0.003591044007153155
0.005818748242074927,-0.007270296621935124
0.005828668242074927,-0.01094954923671665
0.005838588242074927,-0.007270296621935124
0.005848508242074927,-0.007270296621935124
0.005858428242074928,-0.007270296621935124
0.005868348242074928,-0.007270296621935124
0.005878268242074928,-0.007270296621935124
0.005888188242074928,-0.007270296621935124
0.005898108242074928,-0.01094954923671665
0.005908028242074928,-0.007270296621935124
0.005917948242074928,-0.007270296621935124
0.005927868242074927,-0.003591044007153155
0.005937788242074927,-0.007270296621935124
0.005947708242074927,-0.007270296621935124
0.005957628242074927,-0.007270296621935124
0.005967548242074927,-0.003591044007153155
0.005977468242074927,3.995756548260706
0.005987388242074928,4.109813379318943
0.005997308242074928,4.091417116245035
0.006007228242074928,4.069341600556344
0.006017148242074928,4.054624590097216
0.006027068242074928,4.047266084867653
0.006036988242074928,4.032549074408525
0.006046908242074928,4.028869821793743
0.006056828242074927,4.02151131656418
0.006066748242074927,4.017832063949397
0.006076668242074927,4.014152811334616
0.006086588242074927,4.014152811334616
0.006096508242074927,4.010473558719834
0.006106428242074927,4.006794306105052
0.006116348242074928,4.014152811334616
0.006126268242074928,4.010473558719834
0.006136188242074928,4.010473558719834
0.006146108242074928,4.006794306105052
0.006156028242074928,4.006794306105052
0.006165948242074928,4.010473558719834
0.006175868242074928,4.014152811334616
0.006185788242074927,4.010473558719834
0.006195708242074927,4.010473558719834
0.006205628242074927,4.00311505349027
0.006215548242074927,4.006794306105052
0.006225468242074927,4.010473558719834
0.006235388242074928,4.006794306105052
0.006245308242074928,4.006794306105052
0.006255228242074928,4.006794306105052
0.006265148242074928,4.010473558719834
0.006275068242074928,4.006794306105052
0.006284988242074928,4.006794306105052
0.006294908242074928,4.006794306105052
0.006304828242074928,4.006794306105052
0.006314748242074927,4.010473558719834
0.006324668242074927,4.006794306105052
0.006334588242074927,4.006794306105052
0.006344508242074927,4.006794306105052
0.006354428242074927,4.006794306105052
0.006364348242074928,4.006794306105052
0.006374268242074928,4.010473558719834
0.006384188242074928,4.006794306105052
0.006394108242074928,4.010473558719834
0.006404028242074928,4.006794306105052
0.006413948242074928,4.00311505349027
0.006423868242074928,4.006794306105052
0.006433788242074927,4.006794306105052
0.006443708242074927,4.010473558719834
0.006453628242074927,4.006794306105052
0.006463548242074927,3.999435800875489
0.006473468242074927,4.010473558719834
0.006483388242074927,4.006794306105052
0.006493308242074928,4.00311505349027
0.006503228242074928,4.00311505349027
0.006513148242074928,4.006794306105052
0.006523068242074928,4.00311505349027
0.006532988242074928,4.006794306105052
0.006542908242074928,4.006794306105052
0.006552828242074928,4.006794306105052
0.006562748242074927,4.006794306105052
0.006572668242074927,4.00311505349027
0.006582588242074927,4.010473558719834
0.006592508242074927,4.006794306105052
0.006602428242074927,4.006794306105052
0.006612348242074927,3.999435800875489
0.006622268242074928,4.006794306105052
0.006632188242074928,4.006794306105052
0.006642108242074928,4.006794306105052
0.006652028242074928,4.00311505349027
0.006661948242074928,4.00311505349027
0.006671868242074928,4.006794306105052
0.006681788242074928,4.006794306105052
0.006691708242074927,4.006794306105052
0.006701628242074927,4.006794306105052
0.006711548242074927,4.006794306105052
0.006721468242074927,4.00311505349027
0.006731388242074927,4.006794306105052
0.006741308242074927,4.006794306105052
0.006751228242074928,4.006794306105052
0.006761148242074928,4.010473558719834
0.006771068242074928,4.006794306105052
0.006780988242074928,4.006794306105052
0.006790908242074928,4.006794306105052
0.006800828242074928,4.010473558719834
0.006810748242074928,4.006794306105052
0.006820668242074927,4.00311505349027
0.006830588242074927,4.006794306105052
0.006840508242074927,4.006794306105052
0.006850428242074927,4.006794306105052
0.006860348242074927,4.010473558719834
0.006870268242074927,4.006794306105052
0.006880188242074928,4.00311505349027
0.006890108242074928,4.006794306105052
0.006900028242074928,4.006794306105052
0.006909948242074928,4.006794306105052
0.006919868242074928,4.006794306105052
0.006929788242074928,3.999435800875489
0.006939708242074928,4.00311505349027
0.006949628242074927,4.006794306105052
0.006959548242074927,4.00311505349027
0.006969468242074927,4.00311505349027
0.006979388242074927,4.00311505349027
0.006989308242074927,4.00311505349027
0.006999228242074928,3.999435800875489
0.007009148242074928,4.006794306105052
0.007019068242074928,4.006794306105052
0.007028988242074928,4.00311505349027
0.007038908242074928,4.006794306105052
0.007048828242074928,4.006794306105052
0.007058748242074928,3.984718790416361
0.007068668242074927,4.006794306105052
0.007078588242074927,4.006794306105052
0.007088508242074927,4.006794306105052
0.007098428242074927,3.995756548260706
0.007108348242074927,3.999435800875489
0.007118268242074927,4.010473558719834
0.007128188242074928,4.006794306105052
0.007138108242074928,4.006794306105052
0.007148028242074928,4.006794306105052
0.007157948242074928,3.999435800875489
0.007167868242074928,4.006794306105052
0.007177788242074928,4.00311505349027
0.007187708242074928,4.006794306105052
0.007197628242074927,4.00311505349027
0.007207548242074927,4.00311505349027
0.007217468242074927,4.006794306105052
0.007227388242074927,4.006794306105052
0.007237308242074927,3.977360285186797
0.007247228242074927,4.00311505349027
0.007257148242074928,4.00311505349027
0.007267068242074928,3.999435800875489
0.007276988242074928,3.992077295645925
0.007286908242074928,3.995756548260706
0.007296828242074928,4.00311505349027
0.007306748242074928,4.006794306105052
0.007316668242074928,4.006794306105052
0.007326588242074927,3.988398043031143
0.007336508242074927,4.010473558719834
0.007346428242074927,3.988398043031143
0.007356348242074927,3.984718790416361
0.007366268242074927,3.973681032572015
0.007376188242074927,3.970001779957234
0.007386108242074928,3.96264327472767
0.007396028242074928,3.907454485505943
0.007405948242074928,3.789718401832924
0.007415868242074928,3.800756159677269
0.007425788242074928,3.686699328619032
0.007435708242074928,3.620472781552959
0.007445628242074928,3.583680255405141
0.007455548242074927,2.925094037359191
0.007465468242074927,2.597640554643608
0.007475388242074927,2.273866324542805
0.007485308242074927,1.287826623781273
0.007495228242074927,0.8058445312448517
0.007505148242074927,0.1031072818215202
0.007515068242074928,0.04055998737022892
0.007524988242074928,0.01112596645197428
0.007534908242074928,-0.003591044007153155
0.007544828242074928,0.007446713837192531
0.007554748242074928,0.007446713837192531
0.007564668242074928,0.018484471681538
0.007574588242074928,-0.003591044007153155
0.007584508242074927,0.01480521906675603
0.007594428242074927,0.007446713837192531
0.007604348242074927,0.018484471681538
0.007614268242074927,0.007446713837192531
0.007624188242074927,0.02216372429631974
0.007634108242074928,0.02952222952588346
0.007644028242074928,0.02216372429631974
0.007653948242074928,0.03320148214066521
0.007663868242074928,0.02584297691110171
0.007673788242074928,0.03320148214066521
0.007683708242074928,0.018484471681538
0.007693628242074928,0.02952222952588346
0.007703548242074927,0.02952222952588346
0.007713468242074927,0.02584297691110171
0.007723388242074927,0.02952222952588346
0.007733308242074927,0.018484471681538
0.007743228242074927,0.02952222952588346
0.007753148242074927,0.03320148214066521
0.007763068242074928,0.04423923998501089
0.007772988242074928,0.03688073475544718
0.007782908242074928,0.02584297691110171
0.007792828242074928,0.04055998737022892
0.007802748242074928,0.03320148214066521
0.007812668242074928,0.018484471681538
0.007822588242074928,0.04791849259979264
0.007832508242074928,0.03688073475544718
0.007842428242074928,0.03320148214066521
0.007852348242074928,0.02584297691110171
0.007862268242074928,0.02216372429631974
0.007872188242074928,0.04423923998501089
0.007882108242074928,0.03320148214066521
0.007892028242074928,0.03320148214066521
0.007901948242074928,0.02584297691110171
0.007911868242074929,0.03320148214066521
0.007921788242074929,0.04055998737022892
0.007931708242074929,0.04055998737022892
0.007941628242074929,0.03320148214066521
0.007951548242074929,0.03320148214066521
0.007961468242074927,0.03688073475544718
0.007971388242074927,0.02952222952588346
0.007981308242074927,0.03688073475544718
0.007991228242074927,0.03688073475544718
0.008001148242074927,0.03320148214066521
0.008011068242074927,0.02952222952588346
0.008020988242074928,0.05159774521457461
0.008030908242074928,0.04791849259979264
0.008040828242074928,0.02584297691110171
0.008050748242074928,0.02952222952588346
0.008060668242074928,0.04055998737022892
0.008070588242074928,0.03320148214066521
0.008080508242074928,0.03688073475544718
0.008090428242074928,0.0589562504441381
0.008100348242074928,0.05159774521457461
0.008110268242074928,0.03688073475544718
0.008120188242074928,0.06999400828848379
0.008130108242074928,0.03688073475544718
0.008140028242074928,0.03320148214066521
0.008149948242074928,0.03688073475544718
0.008159868242074928,0.03688073475544718
0.008169788242074929,0.04055998737022892
0.008179708242074929,0.03688073475544718
0.008189628242074929,0.04055998737022892
0.008199548242074929,0.03320148214066521
0.008209468242074929,0.04423923998501089
0.008219388242074929,0.04055998737022892
0.008229308242074929,0.04055998737022892
0.008239228242074929,0.04423923998501089
0.008249148242074929,0.04423923998501089
0.008259068242074929,0.03320148214066521
0.008268988242074929,0.05159774521457461
0.008278908242074928,0.04055998737022892
0.008288828242074928,0.04055998737022892
0.008298748242074928,0.04791849259979264
0.008308668242074928,0.05159774521457461
0.008318588242074928,0.04055998737022892
0.008328508242074928,0.05159774521457461
0.008338428242074928,0.04791849259979264
0.008348348242074928,0.02952222952588346
0.008358268242074928,0.04791849259979264
0.008368188242074928,0.04423923998501089
0.008378108242074928,0.06631475567370182
0.008388028242074928,0.04423923998501089
0.008397948242074928,0.03320148214066521
0.008407868242074928,0.04423923998501089
0.008417788242074929,0.04791849259979264
0.008427708242074929,0.04423923998501089
0.008437628242074929,0.04055998737022892
0.008447548242074929,0.04791849259979264
0.008457468242074929,0.03320148214066521
0.008467388242074929,0.04791849259979264
0.008477308242074929,0.04055998737022892
0.008487228242074929,0.04055998737022892
0.008497148242074929,0.05159774521457461
0.008507068242074929,0.05527699782935636
0.008516988242074929,0.04055998737022892
0.008526908242074929,0.05159774521457461
0.008536828242074928,0.06263550305892007
0.008546748242074928,0.04791849259979264
0.008556668242074928,0.02952222952588346
0.008566588242074928,0.04055998737022892
0.008576508242074928,0.03688073475544718
0.008586428242074928,0.04423923998501089
0.008596348242074928,0.04423923998501089
0.008606268242074928,0.04423923998501089
0.008616188242074928,0.04423923998501089
0.008626108242074928,0.04791849259979264
0.008636028242074928,0.02216372429631974
0.008645948242074928,0.04423923998501089
0.008655868242074928,0.04791849259979264
0.008665788242074928,0.04055998737022892
0.008675708242074929,0.03688073475544718
0.008685628242074929,0.04423923998501089
0.008695548242074929,0.05159774521457461
0.008705468242074929,0.03320148214066521
0.008715388242074929,0.03688073475544718
0.008725308242074929,0.04423923998501089
0.008735228242074929,0.04423923998501089
0.008745148242074929,0.04055998737022892
0.008755068242074929,0.05527699782935636
0.008764988242074929,0.04791849259979264
0.008774908242074929,0.04423923998501089
0.008784828242074928,0.04055998737022892
0.008794748242074928,0.04423923998501089
0.008804668242074928,0.02584297691110171
0.008814588242074928,0.04423923998501089
0.008824508242074928,0.03320148214066521
0.008834428242074928,0.03320148214066521
0.008844348242074928,0.05159774521457461
0.008854268242074928,0.03320148214066521
0.008864188242074928,0.03320148214066521
0.008874108242074928,0.04791849259979264
0.008884028242074928,0.04423923998501089
0.008893948242074928,0.03688073475544718
0.008903868242074928,0.04791849259979264
0.008913788242074928,0.04791849259979264
0.008923708242074928,0.03688073475544718
0.008933628242074929,0.04423923998501089
0.008943548242074929,0.04055998737022892
0.008953468242074929,0.04423923998501089
0.008963388242074929,0.04791849259979264
0.008973308242074929,0.04423923998501089
0.008983228242074929,0.04055998737022892
0.008993148242074929,0.03320148214066521
0.009003068242074929,0.04791849259979264
0.009012988242074929,0.03688073475544718
0.009022908242074929,0.04055998737022892
0.009032828242074929,0.04423923998501089
0.009042748242074928,0.03320148214066521
0.009052668242074928,0.04423923998501089
0.009062588242074928,0.03688073475544718
0.009072508242074928,0.06263550305892007
0.009082428242074928,0.0589562504441381
0.009092348242074928,0.04423923998501089
0.009102268242074928,0.04423923998501089
0.009112188242074928,0.03688073475544718
0.009122108242074928,0.03688073475544718
0.009132028242074928,0.04791849259979264
0.009141948242074928,0.04055998737022892
0.009151868242074928,0.04423923998501089
0.009161788242074928,0.04055998737022892
0.009171708242074928,0.03688073475544718
0.009181628242074929,0.04791849259979264
0.009191548242074929,0.02952222952588346
0.009201468242074929,0.04791849259979264
0.009211388242074929,0.04423923998501089
0.009221308242074929,0.0589562504441381
0.009231228242074929,0.05159774521457461
0.009241148242074929,0.04791849259979264
0.009251068242074929,0.03688073475544718
0.009260988242074929,0.03688073475544718
0.009270908242074929,0.04791849259979264
0.009280828242074929,0.04791849259979264
0.009290748242074928,0.03688073475544718
0.009300668242074928,0.04423923998501089
0.009310588242074928,0.04791849259979264
0.009320508242074928,0.04055998737022892
0.009330428242074928,0.0589562504441381
0.009340348242074928,0.04055998737022892
0.009350268242074928,0.03320148214066521
0.009360188242074928,0.03688073475544718
0.009370108242074928,0.04791849259979264
0.009380028242074928,0.04791849259979264
0.009389948242074928,0.04791849259979264
0.009399868242074928,0.05159774521457461
0.009409788242074928,0.04791849259979264
0.009419708242074928,0.05527699782935636
0.009429628242074928,0.04423923998501089
0.009439548242074929,0.04791849259979264
0.009449468242074929,0.04423923998501089
0.009459388242074929,0.03688073475544718
0.009469308242074929,0.03688073475544718
0.009479228242074929,0.03320148214066521
0.009489148242074929,0.04423923998501089
0.009499068242074929,0.04791849259979264
0.009508988242074929,0.04055998737022892
0.009518908242074929,0.04423923998501089
0.009528828242074929,0.0589562504441381
0.009538748242074929,0.02952222952588346
0.009548668242074928,0.04055998737022892
0.009558588242074928,0.05159774521457461
0.009568508242074928,0.04055998737022892
0.009578428242074928,0.04055998737022892
0.009588348242074928,0.04791849259979264
0.009598268242074928,0.04791849259979264
0.009608188242074928,0.05527699782935636
0.009618108242074928,0.07367326090326554
0.009628028242074928,0.05527699782935636
0.009637948242074928,0.03688073475544718
0.009647868242074928,0.04791849259979264
0.009657788242074928,0.06263550305892007
0.009667708242074928,0.03688073475544718
0.009677628242074928,0.04055998737022892
0.009687548242074928,0.04423923998501089
0.009697468242074929,0.03320148214066521
0.009707388242074929,0.04055998737022892
0.009717308242074929,0.04791849259979264
0.009727228242074929,0.05159774521457461
0.009737148242074929,0.0589562504441381
0.009747068242074929,0.04055998737022892
0.009756988242074929,0.04423923998501089
0.009766908242074929,0.02952222952588346
0.009776828242074929,0.04055998737022892
0.009786748242074929,0.05527699782935636
0.009796668242074929,0.06263550305892007
0.009806588242074928,0.04423923998501089
0.009816508242074928,0.03688073475544718
0.009826428242074928,0.04791849259979264
0.009836348242074928,0.03688073475544718
0.009846268242074928,0.04423923998501089
0.009856188242074928,0.03688073475544718
0.009866108242074928,0.03320148214066521
0.009876028242074928,0.04055998737022892
0.009885948242074928,0.05159774521457461
0.009895868242074928,0.03688073475544718
0.009905788242074928,0.05527699782935636
0.009915708242074928,0.0589562504441381
0.009925628242074928,0.05159774521457461
0.009935548242074928,0.03688073475544718
0.009945468242074929,0.04423923998501089
0.009955388242074929,0.04055998737022892
0.009965308242074929,0.05159774521457461
0.009975228242074929,0.04423923998501089
0.009985148242074929,0.04791849259979264
0.009995068242074929,0.04791849259979264
0.01000498824207493,0.05159774521457461
0.01001490824207493,0.05527699782935636
0.01002482824207493,0.04423923998501089
0.01003474824207493,0.04423923998501089
0.01004466824207493,0.06999400828848379
0.01005458824207493,0.03320148214066521
0.01006450824207493,0.04055998737022892
0.01007442824207493,0.05159774521457461
0.01008434824207493,0.05159774521457461
0.01009426824207493,0.03688073475544718
0.01010418824207493,0.04791849259979264
0.01011410824207493,0.03688073475544718
0.01012402824207493,0.04423923998501089
0.01013394824207493,0.05527699782935636
0.01014386824207493,0.03688073475544718
0.01015378824207493,0.04423923998501089
0.01016370824207493,0.04423923998501089
0.01017362824207493,0.04423923998501089
0.01018354824207493,0.04423923998501089
0.01019346824207493,0.04423923998501089
0.01020338824207493,0.04055998737022892
0.01021330824207493,0.04423923998501089
0.01022322824207493,0.04055998737022892
0.01023314824207493,0.04791849259979264
0.01024306824207493,0.03320148214066521
0.01025298824207493,0.03320148214066521
0.01026290824207493,0.04791849259979264
0.01027282824207493,0.06999400828848379
0.01028274824207493,0.04055998737022892
0.01029266824207493,0.03688073475544718
0.01030258824207493,0.04055998737022892
0.01031250824207493,0.05527699782935636
0.01032242824207493,0.06999400828848379
0.01033234824207493,0.05159774521457461
0.01034226824207493,0.05159774521457461
0.01035218824207493,0.03688073475544718
0.01036210824207493,0.04423923998501089
0.01037202824207493,0.03688073475544718
0.01038194824207493,0.05527699782935636
0.01039186824207493,0.04791849259979264
0.01040178824207493,0.04055998737022892
0.01041170824207493,0.04791849259979264
0.01042162824207493,0.04423923998501089
0.01043154824207493,0.0589562504441381
0.01044146824207493,0.02952222952588346
0.01045138824207493,0.05159774521457461
0.01046130824207493,0.03320148214066521
0.01047122824207493,0.04055998737022892
0.01048114824207493,0.04791849259979264
0.01049106824207493,0.06263550305892007
0.01050098824207493,0.04055998737022892
0.01051090824207493,0.04423923998501089
0.01052082824207493,0.04791849259979264
0.01053074824207493,0.05159774521457461
0.01054066824207493,0.04423923998501089
0.01055058824207493,0.03688073475544718
.01056050824207493,0.03688073475544718
